CallerFile,CallerMethod,CalleeFile,CalleeMethod,Direction,Notes,ReferenceKind
MainWindow.Appearance.cs,ShowCustomThemeEditor,MainWindow.ModGridScrolling.cs,ClearScrollViewerCache,MainWindow.Appearance.cs -> MainWindow.ModGridScrolling.cs,,direct call
MainWindow.CloudInfrastructure.cs,EnsureCloudStoreInitializedAsync,MainWindow.Identity.cs,ApplyPlayerIdentityToCloudStore,MainWindow.CloudInfrastructure.cs -> MainWindow.Identity.cs,,direct call
MainWindow.CloudInfrastructure.cs,ExecuteCloudOperationAsync,MainWindow.CloudAuth.cs,EnsureFirebaseAuthBackedUpIfAvailable,MainWindow.CloudInfrastructure.cs -> MainWindow.CloudAuth.cs,,direct call
MainWindow.CloudLoad.cs,DeleteCloudModlistMenuItem_OnClick,MainWindow.CloudInfrastructure.cs,ExecuteCloudOperationAsync,MainWindow.CloudLoad.cs -> MainWindow.CloudInfrastructure.cs,,direct call
MainWindow.CloudLoad.cs,EnsureCloudModlistContentAsync,MainWindow.CloudInfrastructure.cs,ExecuteCloudOperationAsync,MainWindow.CloudLoad.cs -> MainWindow.CloudInfrastructure.cs,,direct call
MainWindow.CloudLoad.cs,InstallCloudModlistButton_OnClick,MainWindow.FeatureDirectories.cs,EnsureCloudModListCacheDirectory,MainWindow.CloudLoad.cs -> MainWindow.FeatureDirectories.cs,,direct call
MainWindow.CloudLoad.cs,InstallCloudModlistButton_OnClick,MainWindow.ModlistLoad.cs,CreateAutomaticBackupAsync,MainWindow.CloudLoad.cs -> MainWindow.ModlistLoad.cs,,direct call
MainWindow.CloudLoad.cs,InstallCloudModlistButton_OnClick,MainWindow.ModlistLoad.cs,EnsureModlistBackupBeforeLoad,MainWindow.CloudLoad.cs -> MainWindow.ModlistLoad.cs,,direct call
MainWindow.CloudLoad.cs,InstallCloudModlistButton_OnClick,MainWindow.ModlistLoad.cs,GetModlistLoadOptions,MainWindow.CloudLoad.cs -> MainWindow.ModlistLoad.cs,,direct call
MainWindow.CloudLoad.cs,InstallCloudModlistButton_OnClick,MainWindow.ModlistLoad.cs,PromptModlistLoadMode,MainWindow.CloudLoad.cs -> MainWindow.ModlistLoad.cs,,direct call
MainWindow.CloudLoad.cs,InstallCloudModlistButton_OnClick,MainWindow.ModlistLoading.cs,PrepareForModlistLoad,MainWindow.CloudLoad.cs -> MainWindow.ModlistLoading.cs,,direct call
MainWindow.CloudLoad.cs,InstallCloudModlistButton_OnClick,MainWindow.PresetApplication.cs,ApplyPresetAsync,MainWindow.CloudLoad.cs -> MainWindow.PresetApplication.cs,,direct call
MainWindow.CloudLoad.cs,LoadModlistFromCloudMenuItem_OnClick,MainWindow.CloudInfrastructure.cs,ExecuteCloudOperationAsync,MainWindow.CloudLoad.cs -> MainWindow.CloudInfrastructure.cs,,direct call
MainWindow.CloudLoad.cs,LoadModlistFromCloudMenuItem_OnClick,MainWindow.ModlistLoad.cs,CreateAutomaticBackupAsync,MainWindow.CloudLoad.cs -> MainWindow.ModlistLoad.cs,,direct call
MainWindow.CloudLoad.cs,LoadModlistFromCloudMenuItem_OnClick,MainWindow.ModlistLoad.cs,EnsureModlistBackupBeforeLoad,MainWindow.CloudLoad.cs -> MainWindow.ModlistLoad.cs,,direct call
MainWindow.CloudLoad.cs,LoadModlistFromCloudMenuItem_OnClick,MainWindow.ModlistLoad.cs,GetModlistLoadOptions,MainWindow.CloudLoad.cs -> MainWindow.ModlistLoad.cs,,direct call
MainWindow.CloudLoad.cs,LoadModlistFromCloudMenuItem_OnClick,MainWindow.ModlistLoad.cs,PromptModlistLoadMode,MainWindow.CloudLoad.cs -> MainWindow.ModlistLoad.cs,,direct call
MainWindow.CloudLoad.cs,LoadModlistFromCloudMenuItem_OnClick,MainWindow.ModlistLoading.cs,PrepareForModlistLoad,MainWindow.CloudLoad.cs -> MainWindow.ModlistLoading.cs,,direct call
MainWindow.CloudLoad.cs,LoadModlistFromCloudMenuItem_OnClick,MainWindow.PresetApplication.cs,ApplyPresetAsync,MainWindow.CloudLoad.cs -> MainWindow.PresetApplication.cs,,direct call
MainWindow.CloudLoad.cs,RefreshCloudModlistsAsync,MainWindow.CloudInfrastructure.cs,ExecuteCloudOperationAsync,MainWindow.CloudLoad.cs -> MainWindow.CloudInfrastructure.cs,,direct call
MainWindow.CloudManagement.cs,DeleteAllCloudModlistsAndAuthorizationAsync,MainWindow.CloudAuth.cs,DeleteFirebaseAuthFiles,MainWindow.CloudManagement.cs -> MainWindow.CloudAuth.cs,,direct call
MainWindow.CloudManagement.cs,DeleteAllCloudModlistsAndAuthorizationAsync,MainWindow.CloudLoad.cs,SetCloudModlistSelection,MainWindow.CloudManagement.cs -> MainWindow.CloudLoad.cs,,direct call
MainWindow.CloudManagement.cs,DeleteCloudAuthMenuItem_OnClick,MainWindow.CloudInfrastructure.cs,ExecuteCloudOperationAsync,MainWindow.CloudManagement.cs -> MainWindow.CloudInfrastructure.cs,,direct call
MainWindow.CloudManagement.cs,ModifyCloudModlistsButton_OnClick,MainWindow.CloudInfrastructure.cs,ExecuteCloudOperationAsync,MainWindow.CloudManagement.cs -> MainWindow.CloudInfrastructure.cs,,direct call
MainWindow.CloudManagement.cs,UpdateCloudModlistsAfterChangeAsync,MainWindow.CloudLoad.cs,RefreshCloudModlistsAsync,MainWindow.CloudManagement.cs -> MainWindow.CloudLoad.cs,,direct call
MainWindow.CloudSave.cs,SaveCloudModlistButton_OnClick,MainWindow.CloudLoad.cs,RefreshCloudModlistsAsync,MainWindow.CloudSave.cs -> MainWindow.CloudLoad.cs,,direct call
MainWindow.CloudSave.cs,SaveModlistToCloudAsync,MainWindow.CloudInfrastructure.cs,ExecuteCloudOperationAsync,MainWindow.CloudSave.cs -> MainWindow.CloudInfrastructure.cs,,direct call
MainWindow.CloudSave.cs,SaveModlistToCloudAsync,MainWindow.Identity.cs,DetermineUploaderName,MainWindow.CloudSave.cs -> MainWindow.Identity.cs,,direct call
MainWindow.CloudSave.cs,SaveModlistToCloudAsync,MainWindow.ModConfigCapture.cs,BuildModConfigOptions,MainWindow.CloudSave.cs -> MainWindow.ModConfigCapture.cs,,direct call
MainWindow.CloudSave.cs,SaveModlistToCloudAsync,MainWindow.ModConfigCapture.cs,TryReadModConfigurations,MainWindow.CloudSave.cs -> MainWindow.ModConfigCapture.cs,,direct call
MainWindow.CloudSave.cs,SaveModlistToCloudAsync,MainWindow.ModlistSave.cs,TryBuildCurrentModlistJson,MainWindow.CloudSave.cs -> MainWindow.ModlistSave.cs,,direct call
MainWindow.CloudSave.cs,SaveModlistToCloudAsync,MainWindow.PresetFiles.cs,ResolveGameVersion,MainWindow.CloudSave.cs -> MainWindow.PresetFiles.cs,,direct call
MainWindow.CloudSave.cs,SaveModlistToCloudMenuItem_OnClick,MainWindow.CloudLoad.cs,RefreshCloudModlistsAsync,MainWindow.CloudSave.cs -> MainWindow.CloudLoad.cs,,direct call
MainWindow.DataFolderBackups.cs,RestoreDataBackupAsync,MainWindow.ModRefresh.cs,RefreshModsAsync,MainWindow.DataFolderBackups.cs -> MainWindow.ModRefresh.cs,,direct call
MainWindow.DeveloperProfiles.cs,DeveloperProfileMenuItem_OnClick,MainWindow.ViewModel.cs,ReloadViewModelAsync,MainWindow.DeveloperProfiles.cs -> MainWindow.ViewModel.cs,,direct call
MainWindow.ExclusivePresetApplication.cs,ApplyExclusivePresetAsync,MainWindow.FeatureDirectories.cs,CreateLocalModBackupSessionDirectory,MainWindow.ExclusivePresetApplication.cs -> MainWindow.FeatureDirectories.cs,,direct call
MainWindow.ExclusivePresetApplication.cs,ApplyExclusivePresetAsync,MainWindow.FeatureDirectories.cs,GetLocalModBackupEntryDirectory,MainWindow.ExclusivePresetApplication.cs -> MainWindow.FeatureDirectories.cs,,direct call
MainWindow.ExclusivePresetApplication.cs,ApplyExclusivePresetAsync,MainWindow.ManagedModPaths.cs,TryGetManagedModPath,MainWindow.ExclusivePresetApplication.cs -> MainWindow.ManagedModPaths.cs,,direct call
MainWindow.ExclusivePresetApplication.cs,ApplyExclusivePresetAsync,MainWindow.ModRefresh.cs,RefreshModsAsync,MainWindow.ExclusivePresetApplication.cs -> MainWindow.ModRefresh.cs,,direct call
MainWindow.GameLaunch.cs,TryEnsureDataBackupBeforeLaunchAsync,MainWindow.DataFolderBackups.cs,CreateDataBackupProgressReporter,MainWindow.GameLaunch.cs -> MainWindow.DataFolderBackups.cs,,direct call
MainWindow.GameLaunch.cs,TryEnsureDataBackupBeforeLaunchAsync,MainWindow.DataFolderBackups.cs,HideDataBackupOverlay,MainWindow.GameLaunch.cs -> MainWindow.DataFolderBackups.cs,,direct call
MainWindow.GameLaunch.cs,TryEnsureDataBackupBeforeLaunchAsync,MainWindow.DataFolderBackups.cs,ShowDataBackupOverlay,MainWindow.GameLaunch.cs -> MainWindow.DataFolderBackups.cs,,direct call
MainWindow.Help.cs,ModUsagePromptLink_OnClick,MainWindow.ModUsage.cs,ShowModUsagePromptDialogAsync,MainWindow.Help.cs -> MainWindow.ModUsage.cs,,direct call
MainWindow.InternetAccess.cs,InternetAccessManager_OnInternetAccessChanged,MainWindow.CloudLoad.cs,UpdateCloudModlistControlsEnabledState,MainWindow.InternetAccess.cs -> MainWindow.CloudLoad.cs,,direct call
MainWindow.InternetAccess.cs,InternetAccessManager_OnInternetAccessChanged,MainWindow.ManagerUpdateLink.cs,RefreshManagerUpdateLinkAsync,MainWindow.InternetAccess.cs -> MainWindow.ManagerUpdateLink.cs,,direct call
MainWindow.LocalModlists.cs,InstallLocalModlistButton_OnClick,MainWindow.ModlistLoading.cs,LoadModlistFromFileAsync,MainWindow.LocalModlists.cs -> MainWindow.ModlistLoading.cs,,direct call
MainWindow.LocalModlists.cs,OpenModlistsFolderButton_OnClick,MainWindow.FeatureDirectories.cs,EnsureModListDirectory,MainWindow.LocalModlists.cs -> MainWindow.FeatureDirectories.cs,,direct call
MainWindow.LocalModlists.cs,RefreshLocalModlistsAsync,MainWindow.FeatureDirectories.cs,EnsureModListDirectory,MainWindow.LocalModlists.cs -> MainWindow.FeatureDirectories.cs,,direct call
MainWindow.LocalModlists.cs,SaveLocalModlistButton_OnClick,MainWindow.ModlistSave.cs,TrySaveModlistAsync,MainWindow.LocalModlists.cs -> MainWindow.ModlistSave.cs,Bidirectional file-level coupling.,direct call
MainWindow.ManagerDataDeletion.cs,DeleteAllManagerFilesMenuItem_OnClick,MainWindow.CloudInfrastructure.cs,ExecuteCloudOperationAsync,MainWindow.ManagerDataDeletion.cs -> MainWindow.CloudInfrastructure.cs,,direct call
MainWindow.ManagerDataDeletion.cs,DeleteAllManagerFilesMenuItem_OnClick,MainWindow.CloudManagement.cs,DeleteAllCloudModlistsAndAuthorizationAsync,MainWindow.ManagerDataDeletion.cs -> MainWindow.CloudManagement.cs,,direct call
MainWindow.ManagerDataDeletion.cs,DeleteAllManagerFilesMenuItem_OnClick,MainWindow.ModlistLoading.cs,SwitchToInstalledModsTab,MainWindow.ManagerDataDeletion.cs -> MainWindow.ModlistLoading.cs,,direct call
MainWindow.ModBrowser.cs,InitializeModBrowserView,MainWindow.ModBrowserInstallation.cs,InstallModFromBrowserAsync,MainWindow.ModBrowser.cs -> MainWindow.ModBrowserInstallation.cs,,callback reference
MainWindow.ModBrowser.cs,InitializeModBrowserView,MainWindow.ModBrowserSynchronization.cs,InitializeVotesCacheWatcher,MainWindow.ModBrowser.cs -> MainWindow.ModBrowserSynchronization.cs,,direct call
MainWindow.ModBrowser.cs,InitializeModBrowserView,MainWindow.Navigation.cs,UpdateModBrowserTabVisibilityState,MainWindow.ModBrowser.cs -> MainWindow.Navigation.cs,,direct call
MainWindow.ModBrowserInstallation.cs,InstallModFromBrowserAsync,MainWindow.ModInstallation.cs,InstallModCoreAsync,MainWindow.ModBrowserInstallation.cs -> MainWindow.ModInstallation.cs,,direct call
MainWindow.ModConfigScanning.cs,ScanForModConfigsMenuItem_OnClick,MainWindow.ModGridSelection.cs,UpdateSelectedModEditConfigButton,MainWindow.ModConfigScanning.cs -> MainWindow.ModGridSelection.cs,,direct call
MainWindow.ModConfiguration.cs,EditConfigButton_OnClick,MainWindow.ModGridSelection.cs,UpdateSelectedModEditConfigButton,MainWindow.ModConfiguration.cs -> MainWindow.ModGridSelection.cs,,direct call
MainWindow.ModConfiguration.cs,EditConfigButton_OnClick,MainWindow.PathSelection.cs,PromptForConfigFile,MainWindow.ModConfiguration.cs -> MainWindow.PathSelection.cs,,direct call
MainWindow.ModDeletion.cs,DeleteMultipleModsAsync,MainWindow.ManagedModPaths.cs,TryGetManagedModPath,MainWindow.ModDeletion.cs -> MainWindow.ManagedModPaths.cs,,direct call
MainWindow.ModDeletion.cs,DeleteMultipleModsAsync,MainWindow.ModlistLoad.cs,CreateAutomaticBackupAsync,MainWindow.ModDeletion.cs -> MainWindow.ModlistLoad.cs,,direct call
MainWindow.ModDeletion.cs,DeleteMultipleModsAsync,MainWindow.ModRefresh.cs,RefreshModsAsync,MainWindow.ModDeletion.cs -> MainWindow.ModRefresh.cs,,direct call
MainWindow.ModDeletion.cs,DeleteSingleModAsync,MainWindow.ManagedModPaths.cs,TryGetManagedModPath,MainWindow.ModDeletion.cs -> MainWindow.ManagedModPaths.cs,,direct call
MainWindow.ModDeletion.cs,DeleteSingleModAsync,MainWindow.ModlistLoad.cs,CreateAutomaticBackupAsync,MainWindow.ModDeletion.cs -> MainWindow.ModlistLoad.cs,,direct call
MainWindow.ModDeletion.cs,DeleteSingleModAsync,MainWindow.ModRefresh.cs,RefreshModsAsync,MainWindow.ModDeletion.cs -> MainWindow.ModRefresh.cs,,direct call
MainWindow.ModDependencyRepair.cs,FixModButton_OnClick,MainWindow.ModGridSelection.cs,UpdateSelectedModButtons,MainWindow.ModDependencyRepair.cs -> MainWindow.ModGridSelection.cs,,direct call
MainWindow.ModDependencyRepair.cs,InstallOrUpdateDependencyAsync,MainWindow.ManagedModPaths.cs,TryGetManagedModPath,MainWindow.ModDependencyRepair.cs -> MainWindow.ManagedModPaths.cs,,direct call
MainWindow.ModGridInput.cs,ModDatabaseCard_OnPreviewMouseLeftButtonDown,MainWindow.ModGridSelection.cs,HandleModRowSelection,MainWindow.ModGridInput.cs -> MainWindow.ModGridSelection.cs,,direct call
MainWindow.ModGridInput.cs,ModsDataGridRow_OnPreviewMouseLeftButtonDown,MainWindow.ModGridSelection.cs,HandleModRowSelection,MainWindow.ModGridInput.cs -> MainWindow.ModGridSelection.cs,,direct call
MainWindow.ModGridInput.cs,ModsDataGrid_OnPreviewMouseLeftButtonDown,MainWindow.ModGridScrolling.cs,FindAncestor,MainWindow.ModGridInput.cs -> MainWindow.ModGridScrolling.cs,,direct call
MainWindow.ModGridInput.cs,ModsDataGrid_OnPreviewMouseLeftButtonDown,MainWindow.ModGridSelection.cs,ClearSelection,MainWindow.ModGridInput.cs -> MainWindow.ModGridSelection.cs,,direct call
MainWindow.ModGridInput.cs,TryHandleModListKeyDownAsync,MainWindow.ModDeletion.cs,DeleteSelectedModsAsync,MainWindow.ModGridInput.cs -> MainWindow.ModDeletion.cs,,direct call
MainWindow.ModGridInput.cs,TryHandleModListKeyDownAsync,MainWindow.ModGridSelection.cs,SelectAllModsInCurrentView,MainWindow.ModGridInput.cs -> MainWindow.ModGridSelection.cs,,direct call
MainWindow.ModGridViewState.cs,AttachToModsView,MainWindow.ModGridSelection.cs,ClearSelection,MainWindow.ModGridViewState.cs -> MainWindow.ModGridSelection.cs,,direct call
MainWindow.ModGridViewState.cs,ModsView_OnCollectionChanged,MainWindow.ModGridSelection.cs,ClearSelection,MainWindow.ModGridViewState.cs -> MainWindow.ModGridSelection.cs,,direct call
MainWindow.ModInstallation.cs,InstallModButton_OnClick,MainWindow.ModGridSelection.cs,RemoveFromSelection,MainWindow.ModInstallation.cs -> MainWindow.ModGridSelection.cs,,direct call
MainWindow.ModInstallation.cs,InstallModCoreAsync,MainWindow.ModGridSelection.cs,UpdateSelectedModButtons,MainWindow.ModInstallation.cs -> MainWindow.ModGridSelection.cs,,direct call
MainWindow.ModInstallation.cs,InstallModCoreAsync,MainWindow.ModlistLoad.cs,CreateAutomaticBackupAsync,MainWindow.ModInstallation.cs -> MainWindow.ModlistLoad.cs,,direct call
MainWindow.ModInstallation.cs,InstallModCoreAsync,MainWindow.ModRefresh.cs,RefreshModsAsync,MainWindow.ModInstallation.cs -> MainWindow.ModRefresh.cs,,direct call
MainWindow.ModlistBackups.cs,CreateBackupAsync,MainWindow.FeatureDirectories.cs,EnsureBackupDirectory,MainWindow.ModlistBackups.cs -> MainWindow.FeatureDirectories.cs,,direct call
MainWindow.ModlistBackups.cs,CreateBackupAsync,MainWindow.PresetFiles.cs,ResolveGameVersion,MainWindow.ModlistBackups.cs -> MainWindow.PresetFiles.cs,,direct call
MainWindow.ModlistBackups.cs,RestoreBackupAsync,MainWindow.PresetApplication.cs,ApplyPresetAsync,MainWindow.ModlistBackups.cs -> MainWindow.PresetApplication.cs,,direct call
MainWindow.ModlistBackups.cs,RestoreBackupMenuItem_OnSubmenuOpened,MainWindow.FeatureDirectories.cs,EnsureBackupDirectory,MainWindow.ModlistBackups.cs -> MainWindow.FeatureDirectories.cs,,direct call
MainWindow.ModlistLoad.cs,CreateAutomaticBackupAsync,MainWindow.ModlistBackups.cs,CreateBackupAsync,MainWindow.ModlistLoad.cs -> MainWindow.ModlistBackups.cs,,direct call
MainWindow.ModlistLoad.cs,EnsureModlistBackupBeforeLoad,MainWindow.LocalModlists.cs,RefreshLocalModlists,MainWindow.ModlistLoad.cs -> MainWindow.LocalModlists.cs,,direct call
MainWindow.ModlistLoad.cs,EnsureModlistBackupBeforeLoad,MainWindow.ModlistSave.cs,TrySaveModlist,MainWindow.ModlistLoad.cs -> MainWindow.ModlistSave.cs,,direct call
MainWindow.ModlistLoading.cs,LoadModlistFromFileAsync,MainWindow.ModlistLoad.cs,CreateAutomaticBackupAsync,MainWindow.ModlistLoading.cs -> MainWindow.ModlistLoad.cs,,direct call
MainWindow.ModlistLoading.cs,LoadModlistFromFileAsync,MainWindow.ModlistLoad.cs,EnsureModlistBackupBeforeLoad,MainWindow.ModlistLoading.cs -> MainWindow.ModlistLoad.cs,,direct call
MainWindow.ModlistLoading.cs,LoadModlistFromFileAsync,MainWindow.ModlistLoad.cs,GetModlistLoadOptions,MainWindow.ModlistLoading.cs -> MainWindow.ModlistLoad.cs,,direct call
MainWindow.ModlistLoading.cs,LoadModlistFromFileAsync,MainWindow.ModlistLoad.cs,PromptModlistLoadMode,MainWindow.ModlistLoading.cs -> MainWindow.ModlistLoad.cs,,direct call
MainWindow.ModlistLoading.cs,LoadModlistFromFileAsync,MainWindow.PresetApplication.cs,ApplyPresetAsync,MainWindow.ModlistLoading.cs -> MainWindow.PresetApplication.cs,Bidirectional file-level coupling.,direct call
MainWindow.ModlistLoading.cs,LoadModlistMenuItem_OnClick,MainWindow.FeatureDirectories.cs,EnsureModListDirectory,MainWindow.ModlistLoading.cs -> MainWindow.FeatureDirectories.cs,,direct call
MainWindow.ModlistLoading.cs,PrepareForModlistLoad,MainWindow.ModGridSelection.cs,ClearSelection,MainWindow.ModlistLoading.cs -> MainWindow.ModGridSelection.cs,,direct call
MainWindow.ModlistSave.cs,SaveModlistMenuItem_OnClick,MainWindow.LocalModlists.cs,RefreshLocalModlistsAsync,MainWindow.ModlistSave.cs -> MainWindow.LocalModlists.cs,Bidirectional file-level coupling.,direct call
MainWindow.ModlistSave.cs,TrySaveAutomaticModlist,MainWindow.FeatureDirectories.cs,EnsureRebuiltModListDirectory,MainWindow.ModlistSave.cs -> MainWindow.FeatureDirectories.cs,,direct call
MainWindow.ModlistSave.cs,TrySaveAutomaticModlist,MainWindow.PresetFiles.cs,ResolveGameVersion,MainWindow.ModlistSave.cs -> MainWindow.PresetFiles.cs,,direct call
MainWindow.ModlistSave.cs,TrySaveModlistAsync,MainWindow.FeatureDirectories.cs,EnsureModListDirectory,MainWindow.ModlistSave.cs -> MainWindow.FeatureDirectories.cs,,direct call
MainWindow.ModlistSave.cs,TrySaveModlistAsync,MainWindow.ModConfigCapture.cs,BuildModConfigOptions,MainWindow.ModlistSave.cs -> MainWindow.ModConfigCapture.cs,,direct call
MainWindow.ModlistSave.cs,TrySaveModlistAsync,MainWindow.ModConfigCapture.cs,TryReadModConfigurations,MainWindow.ModlistSave.cs -> MainWindow.ModConfigCapture.cs,,direct call
MainWindow.ModlistSave.cs,TrySaveModlistAsync,MainWindow.Pdf.cs,GetUploaderNameForPdf,MainWindow.ModlistSave.cs -> MainWindow.Pdf.cs,,direct call
MainWindow.ModlistSave.cs,TrySaveModlistAsync,MainWindow.Pdf.cs,TrySaveInstalledModsPdf,MainWindow.ModlistSave.cs -> MainWindow.Pdf.cs,,direct call
MainWindow.ModlistSave.cs,TrySaveModlistAsync,MainWindow.PresetFiles.cs,ResolveGameVersion,MainWindow.ModlistSave.cs -> MainWindow.PresetFiles.cs,,direct call
MainWindow.ModRefresh.cs,RefreshModsAsync,MainWindow.ModBrowserSynchronization.cs,SyncInstalledModsToModBrowser,MainWindow.ModRefresh.cs -> MainWindow.ModBrowserSynchronization.cs,,direct call
MainWindow.ModRefresh.cs,RefreshModsAsync,MainWindow.ModGridSelection.cs,RestoreSelectionFromSourcePaths,MainWindow.ModRefresh.cs -> MainWindow.ModGridSelection.cs,,direct call
MainWindow.ModsWatcherTimer.cs,ModsWatcherTimerOnTick,MainWindow.ModRefresh.cs,RefreshModsAsync,MainWindow.ModsWatcherTimer.cs -> MainWindow.ModRefresh.cs,,direct call
MainWindow.ModUpdateCommands.cs,SelectedModVersionComboBox_OnDropDownOpened,MainWindow.ModGridScrolling.cs,FindDescendantScrollViewer,MainWindow.ModUpdateCommands.cs -> MainWindow.ModGridScrolling.cs,,direct call
MainWindow.ModUpdateCommands.cs,UpdateAllModsMenuItem_OnClick,MainWindow.ModlistLoad.cs,CreateAutomaticBackupAsync,MainWindow.ModUpdateCommands.cs -> MainWindow.ModlistLoad.cs,,direct call
MainWindow.ModUpdateCommands.cs,UpdateModsAsync,MainWindow.ManagedModPaths.cs,TryGetManagedModPath,MainWindow.ModUpdateCommands.cs -> MainWindow.ManagedModPaths.cs,,direct call
MainWindow.ModUpdateCommands.cs,UpdateModsAsync,MainWindow.ManagerCache.cs,RefreshDeleteCachedModsMenuHeaderAsync,MainWindow.ModUpdateCommands.cs -> MainWindow.ManagerCache.cs,,direct call
MainWindow.ModUpdateCommands.cs,UpdateModsAsync,MainWindow.ModGridSelection.cs,UpdateSelectedModButtons,MainWindow.ModUpdateCommands.cs -> MainWindow.ModGridSelection.cs,,direct call
MainWindow.ModUpdateCommands.cs,UpdateModsAsync,MainWindow.ModRefresh.cs,RefreshModsAsync,MainWindow.ModUpdateCommands.cs -> MainWindow.ModRefresh.cs,,direct call
MainWindow.ModUpdateCommands.cs,UpdateModsAsync,MainWindow.Progress.cs,BeginModlistInstallUi,MainWindow.ModUpdateCommands.cs -> MainWindow.Progress.cs,,direct call
MainWindow.ModUpdateCommands.cs,UpdateModsAsync,MainWindow.Progress.cs,CompleteModlistInstallStep,MainWindow.ModUpdateCommands.cs -> MainWindow.Progress.cs,,direct call
MainWindow.ModUpdateCommands.cs,UpdateModsAsync,MainWindow.Progress.cs,CreateModUpdateProgressReporter,MainWindow.ModUpdateCommands.cs -> MainWindow.Progress.cs,,direct call
MainWindow.ModUpdateCommands.cs,UpdateModsAsync,MainWindow.Progress.cs,CreateModlistInstallProgressReporter,MainWindow.ModUpdateCommands.cs -> MainWindow.Progress.cs,,direct call
MainWindow.ModUpdateCommands.cs,UpdateModsAsync,MainWindow.Progress.cs,EndModlistInstallUi,MainWindow.ModUpdateCommands.cs -> MainWindow.Progress.cs,,direct call
MainWindow.Navigation.cs,HandleModlistsVisibilityChanged,MainWindow.CloudLoad.cs,RefreshCloudModlistsAsync,MainWindow.Navigation.cs -> MainWindow.CloudLoad.cs,,direct call
MainWindow.Navigation.cs,HandleModlistsVisibilityChanged,MainWindow.CloudLoad.cs,SetCloudModlistSelection,MainWindow.Navigation.cs -> MainWindow.CloudLoad.cs,,direct call
MainWindow.Navigation.cs,HandleModlistsVisibilityChanged,MainWindow.LocalModlists.cs,RefreshLocalModlists,MainWindow.Navigation.cs -> MainWindow.LocalModlists.cs,,direct call
MainWindow.Navigation.cs,HandleModlistsVisibilityChanged,MainWindow.LocalModlists.cs,SetLocalModlistSelection,MainWindow.Navigation.cs -> MainWindow.LocalModlists.cs,,direct call
MainWindow.Navigation.cs,ModlistsTabControl_OnSelectionChanged,MainWindow.CloudAuth.cs,EnsureCloudModlistsConsent,MainWindow.Navigation.cs -> MainWindow.CloudAuth.cs,,direct call
MainWindow.Navigation.cs,ModlistsTabControl_OnSelectionChanged,MainWindow.CloudAuth.cs,EnsureFirebaseAuthBackedUpIfAvailable,MainWindow.Navigation.cs -> MainWindow.CloudAuth.cs,,direct call
MainWindow.Navigation.cs,ModlistsTabControl_OnSelectionChanged,MainWindow.CloudLoad.cs,RefreshCloudModlistsAsync,MainWindow.Navigation.cs -> MainWindow.CloudLoad.cs,,direct call
MainWindow.PathInitialization.cs,TryResolveDataDirectory,MainWindow.PathSelection.cs,PromptForDirectory,MainWindow.PathInitialization.cs -> MainWindow.PathSelection.cs,,direct call
MainWindow.PathInitialization.cs,TryResolveGameDirectory,MainWindow.PathSelection.cs,PromptForDirectory,MainWindow.PathInitialization.cs -> MainWindow.PathSelection.cs,,direct call
MainWindow.PathSelection.cs,SelectDataFolderMenuItem_OnClick,MainWindow.DeveloperProfiles.cs,RefreshDeveloperProfilesMenuEntries,MainWindow.PathSelection.cs -> MainWindow.DeveloperProfiles.cs,,direct call
MainWindow.PathSelection.cs,SelectDataFolderMenuItem_OnClick,MainWindow.ViewModel.cs,ReloadViewModelAsync,MainWindow.PathSelection.cs -> MainWindow.ViewModel.cs,,direct call
MainWindow.PathSelection.cs,SelectGameFolderMenuItem_OnClick,MainWindow.Settings.cs,UpdateGameVersionMenuItem,MainWindow.PathSelection.cs -> MainWindow.Settings.cs,,direct call
MainWindow.Pdf.cs,GetUploaderNameForPdf,MainWindow.Identity.cs,ResolveUploaderName,MainWindow.Pdf.cs -> MainWindow.Identity.cs,,direct call
MainWindow.Pdf.cs,SaveInstalledModsPdfMenuItem_OnClick,MainWindow.ModConfigCapture.cs,BuildModConfigOptions,MainWindow.Pdf.cs -> MainWindow.ModConfigCapture.cs,,direct call
MainWindow.Pdf.cs,SaveInstalledModsPdfMenuItem_OnClick,MainWindow.ModConfigCapture.cs,TryReadModConfigurations,MainWindow.Pdf.cs -> MainWindow.ModConfigCapture.cs,,direct call
MainWindow.Pdf.cs,SaveInstalledModsPdfMenuItem_OnClick,MainWindow.PresetFiles.cs,ResolveGameVersion,MainWindow.Pdf.cs -> MainWindow.PresetFiles.cs,,direct call
MainWindow.Pdf.cs,TrySaveInstalledModsPdfAsync,MainWindow.FeatureDirectories.cs,EnsureModListDirectory,MainWindow.Pdf.cs -> MainWindow.FeatureDirectories.cs,,direct call
MainWindow.Pdf.cs,TrySaveInstalledModsPdfAsync,MainWindow.PresetFiles.cs,ResolveGameVersion,MainWindow.Pdf.cs -> MainWindow.PresetFiles.cs,,direct call
MainWindow.PresetApplication.cs,ApplyPresetAsync,MainWindow.ExclusivePresetApplication.cs,ApplyExclusivePresetAsync,MainWindow.PresetApplication.cs -> MainWindow.ExclusivePresetApplication.cs,,direct call
MainWindow.PresetApplication.cs,ApplyPresetAsync,MainWindow.ModlistLoading.cs,UpdateModlistLoadingUiState,MainWindow.PresetApplication.cs -> MainWindow.ModlistLoading.cs,Bidirectional file-level coupling.,direct call
MainWindow.PresetApplication.cs,ApplyPresetAsync,MainWindow.ModRefresh.cs,ScheduleRefreshAfterModlistLoadIfReady,MainWindow.PresetApplication.cs -> MainWindow.ModRefresh.cs,,direct call
MainWindow.PresetApplication.cs,ApplyPresetAsync,MainWindow.PresetConfigurationImport.cs,ImportPresetConfigsAsync,MainWindow.PresetApplication.cs -> MainWindow.PresetConfigurationImport.cs,,direct call
MainWindow.PresetApplication.cs,ApplyPresetAsync,MainWindow.PresetVersionApplication.cs,ApplyPresetModVersionsAsync,MainWindow.PresetApplication.cs -> MainWindow.PresetVersionApplication.cs,,direct call
MainWindow.PresetConfigurationImport.cs,ImportPresetConfigsAsync,MainWindow.ModGridSelection.cs,UpdateSelectedModButtons,MainWindow.PresetConfigurationImport.cs -> MainWindow.ModGridSelection.cs,,direct call
MainWindow.PresetFiles.cs,LoadPresetFromFileAsync,MainWindow.PresetApplication.cs,ApplyPresetAsync,MainWindow.PresetFiles.cs -> MainWindow.PresetApplication.cs,,direct call
MainWindow.PresetVersionApplication.cs,ApplyPresetModVersionsAsync,MainWindow.ModUpdateCommands.cs,UpdateModsAsync,MainWindow.PresetVersionApplication.cs -> MainWindow.ModUpdateCommands.cs,,direct call
MainWindow.PresetVersionApplication.cs,ApplyPresetModVersionsAsync,MainWindow.Progress.cs,BeginModlistInstallUi,MainWindow.PresetVersionApplication.cs -> MainWindow.Progress.cs,,direct call
MainWindow.PresetVersionApplication.cs,ApplyPresetModVersionsAsync,MainWindow.Progress.cs,CompleteModlistInstallStep,MainWindow.PresetVersionApplication.cs -> MainWindow.Progress.cs,,direct call
MainWindow.PresetVersionApplication.cs,ApplyPresetModVersionsAsync,MainWindow.Progress.cs,CreateModlistInstallProgressReporter,MainWindow.PresetVersionApplication.cs -> MainWindow.Progress.cs,,direct call
MainWindow.PresetVersionApplication.cs,ApplyPresetModVersionsAsync,MainWindow.Progress.cs,EndModlistInstallUi,MainWindow.PresetVersionApplication.cs -> MainWindow.Progress.cs,,direct call
MainWindow.PresetVersionApplication.cs,TryInstallPresetModAsync,MainWindow.Progress.cs,CreateModUpdateProgressReporter,MainWindow.PresetVersionApplication.cs -> MainWindow.Progress.cs,,direct call
MainWindow.Profiles.cs,CreateGameProfileMenuItem_OnClick,MainWindow.ServerConnection.cs,ShowHostKeyVerificationAsync,MainWindow.Profiles.cs -> MainWindow.ServerConnection.cs,,callback reference
MainWindow.Profiles.cs,EditGameProfileMenuItem_OnClick,MainWindow.ServerConnection.cs,ShowHostKeyVerificationAsync,MainWindow.Profiles.cs -> MainWindow.ServerConnection.cs,,callback reference
MainWindow.Profiles.cs,EditGameProfileMenuItem_OnClick,MainWindow.ServerSync.cs,UpdateSyncToServerMenuState,MainWindow.Profiles.cs -> MainWindow.ServerSync.cs,,direct call
MainWindow.Profiles.cs,OnActiveGameProfileChangedAsync,MainWindow.DeveloperProfiles.cs,RefreshDeveloperProfilesMenuEntries,MainWindow.Profiles.cs -> MainWindow.DeveloperProfiles.cs,,direct call
MainWindow.Profiles.cs,OnActiveGameProfileChangedAsync,MainWindow.PathInitialization.cs,TryInitializePaths,MainWindow.Profiles.cs -> MainWindow.PathInitialization.cs,,direct call
MainWindow.Profiles.cs,OnActiveGameProfileChangedAsync,MainWindow.ServerSync.cs,UpdateSyncToServerMenuState,MainWindow.Profiles.cs -> MainWindow.ServerSync.cs,,direct call
MainWindow.Profiles.cs,OnActiveGameProfileChangedAsync,MainWindow.Settings.cs,UpdateGameVersionMenuItem,MainWindow.Profiles.cs -> MainWindow.Settings.cs,,direct call
MainWindow.Profiles.cs,OnActiveGameProfileChangedAsync,MainWindow.ViewModel.cs,ReloadViewModelAsync,MainWindow.Profiles.cs -> MainWindow.ViewModel.cs,,direct call
MainWindow.ServerSync.cs,ManageServerTargetsMenuItem_OnClick,MainWindow.ServerConnection.cs,ShowHostKeyVerificationAsync,MainWindow.ServerSync.cs -> MainWindow.ServerConnection.cs,,callback reference
MainWindow.ServerSync.cs,SyncToServerMenuItem_OnClick,MainWindow.ServerConnection.cs,ShowHostKeyVerificationAsync,MainWindow.ServerSync.cs -> MainWindow.ServerConnection.cs,,callback reference
MainWindow.ServerSync.cs,UpdateServerOptionsState,MainWindow.ModGridSelection.cs,UpdateSelectedModCopyForServerButton,MainWindow.ServerSync.cs -> MainWindow.ModGridSelection.cs,,direct call
MainWindow.Startup.cs,ClearManagerCachesForVersionUpdateAsync,MainWindow.ManagerCache.cs,RefreshDeleteCachedModsMenuHeaderAsync,MainWindow.Startup.cs -> MainWindow.ManagerCache.cs,,direct call
MainWindow.Startup.cs,MainWindow_Loaded,MainWindow.CloudInfrastructure.cs,MigrateLegacyFirebaseDataIfNeededAsync,MainWindow.Startup.cs -> MainWindow.CloudInfrastructure.cs,,direct call
MainWindow.Startup.cs,MainWindow_Loaded,MainWindow.ConfigurationMigration.cs,CheckAndPromptMigrationAsync,MainWindow.Startup.cs -> MainWindow.ConfigurationMigration.cs,,direct call
MainWindow.Startup.cs,MainWindow_Loaded,MainWindow.ManagerCache.cs,RefreshDeleteCachedModsMenuHeaderAsync,MainWindow.Startup.cs -> MainWindow.ManagerCache.cs,,direct call
MainWindow.Startup.cs,MainWindow_Loaded,MainWindow.ManagerUpdateLink.cs,RefreshManagerUpdateLinkAsync,MainWindow.Startup.cs -> MainWindow.ManagerUpdateLink.cs,,direct call
MainWindow.Startup.cs,MainWindow_Loaded,MainWindow.ModBrowserSynchronization.cs,SyncInstalledModsToModBrowser,MainWindow.Startup.cs -> MainWindow.ModBrowserSynchronization.cs,,direct call
MainWindow.Startup.cs,MainWindow_Loaded,MainWindow.ModInfoPanel.cs,ApplyStoredModInfoPanelPosition,MainWindow.Startup.cs -> MainWindow.ModInfoPanel.cs,,direct call
MainWindow.Startup.cs,MainWindow_Loaded,MainWindow.ModlistBackups.cs,CreateAppStartedBackupAsync,MainWindow.Startup.cs -> MainWindow.ModlistBackups.cs,,direct call
MainWindow.Startup.cs,MainWindow_Loaded,MainWindow.ViewModel.cs,InitializeViewModelAsync,MainWindow.Startup.cs -> MainWindow.ViewModel.cs,,direct call
MainWindow.Startup.cs,MainWindow_OnClosing,MainWindow.DeveloperProfiles.cs,DeveloperProfileManager_OnCurrentProfileChanged,MainWindow.Startup.cs -> MainWindow.DeveloperProfiles.cs,,callback reference
MainWindow.Startup.cs,MainWindow_OnClosing,MainWindow.Identity.cs,SaveUploaderName,MainWindow.Startup.cs -> MainWindow.Identity.cs,,direct call
MainWindow.Startup.cs,MainWindow_OnClosing,MainWindow.InternetAccess.cs,InternetAccessManager_OnInternetAccessChanged,MainWindow.Startup.cs -> MainWindow.InternetAccess.cs,,callback reference
MainWindow.Startup.cs,MainWindow_OnClosing,MainWindow.ViewModel.cs,DisposeCurrentViewModel,MainWindow.Startup.cs -> MainWindow.ViewModel.cs,,direct call
MainWindow.Startup.cs,MainWindow_OnClosing,MainWindow.WindowState.cs,SaveWindowDimensions,MainWindow.Startup.cs -> MainWindow.WindowState.cs,,direct call
MainWindow.Startup.cs,MigrateLegacyRebuiltModlistsIfNeeded,MainWindow.FeatureDirectories.cs,EnsureModListDirectory,MainWindow.Startup.cs -> MainWindow.FeatureDirectories.cs,,direct call
MainWindow.UserReports.cs,UserReportsButton_OnClick,MainWindow.CloudAuth.cs,EnsureUserReportVotingConsent,MainWindow.UserReports.cs -> MainWindow.CloudAuth.cs,,direct call
MainWindow.ViewModel.cs,DisposeCurrentViewModel,MainWindow.ModUsage.cs,StopGameSessionMonitor,MainWindow.ViewModel.cs -> MainWindow.ModUsage.cs,,direct call
MainWindow.ViewModel.cs,DisposeViewModel,MainWindow.ModBrowser.cs,OnUserReportVoteSubmitted,MainWindow.ViewModel.cs -> MainWindow.ModBrowser.cs,,callback reference
MainWindow.ViewModel.cs,DisposeViewModel,MainWindow.ViewModelPropertyChanges.cs,ViewModelOnPropertyChanged,MainWindow.ViewModel.cs -> MainWindow.ViewModelPropertyChanges.cs,,callback reference
MainWindow.ViewModel.cs,InitializeViewModel,MainWindow.ColumnVisibility.cs,ApplyColumnVisibilityPreferencesToViewModel,MainWindow.ViewModel.cs -> MainWindow.ColumnVisibility.cs,,direct call
MainWindow.ViewModel.cs,InitializeViewModel,MainWindow.Identity.cs,ApplyPlayerIdentityToUiAndCloudStore,MainWindow.ViewModel.cs -> MainWindow.Identity.cs,,direct call
MainWindow.ViewModel.cs,InitializeViewModel,MainWindow.ModBrowser.cs,OnUserReportVoteSubmitted,MainWindow.ViewModel.cs -> MainWindow.ModBrowser.cs,,callback reference
MainWindow.ViewModel.cs,InitializeViewModel,MainWindow.ModBrowserSynchronization.cs,SubscribeModBrowserToDirectoryWatcher,MainWindow.ViewModel.cs -> MainWindow.ModBrowserSynchronization.cs,,direct call
MainWindow.ViewModel.cs,InitializeViewModel,MainWindow.ModGridViewState.cs,AttachToModsView,MainWindow.ViewModel.cs -> MainWindow.ModGridViewState.cs,,direct call
MainWindow.ViewModel.cs,InitializeViewModel,MainWindow.Settings.cs,UpdateGameVersionMenuItem,MainWindow.ViewModel.cs -> MainWindow.Settings.cs,,direct call
MainWindow.ViewModel.cs,InitializeViewModel,MainWindow.Sorting.cs,RestoreSortPreference,MainWindow.ViewModel.cs -> MainWindow.Sorting.cs,,direct call
MainWindow.ViewModel.cs,InitializeViewModel,MainWindow.ViewModelPropertyChanges.cs,ViewModelOnPropertyChanged,MainWindow.ViewModel.cs -> MainWindow.ViewModelPropertyChanges.cs,,callback reference
MainWindow.ViewModel.cs,InitializeViewModelAsync,MainWindow.ModsWatcherTimer.cs,StartModsWatcher,MainWindow.ViewModel.cs -> MainWindow.ModsWatcherTimer.cs,,direct call
MainWindow.ViewModel.cs,InitializeViewModelAsync,MainWindow.ModUsage.cs,StartGameSessionMonitor,MainWindow.ViewModel.cs -> MainWindow.ModUsage.cs,,direct call
MainWindow.ViewModel.cs,InitializeViewModelAsync,MainWindow.ModUsage.cs,TryShowModUsagePromptAsync,MainWindow.ViewModel.cs -> MainWindow.ModUsage.cs,,direct call
MainWindow.ViewModel.cs,ReloadViewModelAsync,MainWindow.ColumnVisibility.cs,ApplyColumnVisibilityPreferencesToViewModel,MainWindow.ViewModel.cs -> MainWindow.ColumnVisibility.cs,,direct call
MainWindow.ViewModel.cs,ReloadViewModelAsync,MainWindow.Identity.cs,ApplyPlayerIdentityToUiAndCloudStore,MainWindow.ViewModel.cs -> MainWindow.Identity.cs,,direct call
MainWindow.ViewModel.cs,ReloadViewModelAsync,MainWindow.ManagerCache.cs,RefreshDeleteCachedModsMenuHeaderAsync,MainWindow.ViewModel.cs -> MainWindow.ManagerCache.cs,,direct call
MainWindow.ViewModel.cs,ReloadViewModelAsync,MainWindow.ModBrowser.cs,OnUserReportVoteSubmitted,MainWindow.ViewModel.cs -> MainWindow.ModBrowser.cs,,callback reference
MainWindow.ViewModel.cs,ReloadViewModelAsync,MainWindow.ModGridViewState.cs,AttachToModsView,MainWindow.ViewModel.cs -> MainWindow.ModGridViewState.cs,,direct call
MainWindow.ViewModel.cs,ReloadViewModelAsync,MainWindow.ModsWatcherTimer.cs,StartModsWatcher,MainWindow.ViewModel.cs -> MainWindow.ModsWatcherTimer.cs,,direct call
MainWindow.ViewModel.cs,ReloadViewModelAsync,MainWindow.ModsWatcherTimer.cs,StopModsWatcher,MainWindow.ViewModel.cs -> MainWindow.ModsWatcherTimer.cs,,direct call
MainWindow.ViewModel.cs,ReloadViewModelAsync,MainWindow.ModUsage.cs,StopGameSessionMonitor,MainWindow.ViewModel.cs -> MainWindow.ModUsage.cs,,direct call
MainWindow.ViewModel.cs,ReloadViewModelAsync,MainWindow.Settings.cs,UpdateGameVersionMenuItem,MainWindow.ViewModel.cs -> MainWindow.Settings.cs,,direct call
MainWindow.ViewModel.cs,ReloadViewModelAsync,MainWindow.ViewModelPropertyChanges.cs,ViewModelOnPropertyChanged,MainWindow.ViewModel.cs -> MainWindow.ViewModelPropertyChanges.cs,,callback reference
MainWindow.ViewModelPropertyChanges.cs,ViewModelOnPropertyChanged,MainWindow.ModGridRowVisuals.cs,RefreshHoverOverlayState,MainWindow.ViewModelPropertyChanges.cs -> MainWindow.ModGridRowVisuals.cs,,direct call
MainWindow.ViewModelPropertyChanges.cs,ViewModelOnPropertyChanged,MainWindow.ModGridViewState.cs,AttachToModsView,MainWindow.ViewModelPropertyChanges.cs -> MainWindow.ModGridViewState.cs,,direct call
MainWindow.ViewModelPropertyChanges.cs,ViewModelOnPropertyChanged,MainWindow.ModGridViewState.cs,ShouldPreserveModsViewState,MainWindow.ViewModelPropertyChanges.cs -> MainWindow.ModGridViewState.cs,,direct call
MainWindow.ViewModelPropertyChanges.cs,ViewModelOnPropertyChanged,MainWindow.ModRefresh.cs,RefreshModsAfterDependencyResolutionAsync,MainWindow.ViewModelPropertyChanges.cs -> MainWindow.ModRefresh.cs,,direct call
MainWindow.ViewModelPropertyChanges.cs,ViewModelOnPropertyChanged,MainWindow.ModRefresh.cs,ScheduleRefreshAfterModlistLoadIfReady,MainWindow.ViewModelPropertyChanges.cs -> MainWindow.ModRefresh.cs,,callback reference
MainWindow.ViewModelPropertyChanges.cs,ViewModelOnPropertyChanged,MainWindow.ModRefresh.cs,ShouldRefreshAfterDependencyResolution,MainWindow.ViewModelPropertyChanges.cs -> MainWindow.ModRefresh.cs,,direct call
MainWindow.ViewModelPropertyChanges.cs,ViewModelOnPropertyChanged,MainWindow.Navigation.cs,HandleModlistsVisibilityChanged,MainWindow.ViewModelPropertyChanges.cs -> MainWindow.Navigation.cs,,direct call
MainWindow.ViewModelPropertyChanges.cs,ViewModelOnPropertyChanged,MainWindow.Navigation.cs,SyncMiddleTabControlToViewModel,MainWindow.ViewModelPropertyChanges.cs -> MainWindow.Navigation.cs,,direct call
MainWindow.ViewModelPropertyChanges.cs,ViewModelOnPropertyChanged,MainWindow.Sorting.cs,UpdateSortPreferenceFromSelectedOption,MainWindow.ViewModelPropertyChanges.cs -> MainWindow.Sorting.cs,,direct call
MainWindow.WindowState.cs,OnClosed,MainWindow.ModBrowserSynchronization.cs,UnsubscribeModBrowserFromDirectoryWatcher,MainWindow.WindowState.cs -> MainWindow.ModBrowserSynchronization.cs,,direct call
MainWindow.WindowState.cs,OnClosed,MainWindow.ModsWatcherTimer.cs,StopModsWatcher,MainWindow.WindowState.cs -> MainWindow.ModsWatcherTimer.cs,,direct call
