FieldName,DeclaredInFile,ReadByMethods,WrittenByMethods,UsedByPartialFiles,UsageCount,CandidateOwnerPartial,Notes
AutomaticConfigMaxWordDistance,MainWindow.Core.cs,,,,0,MainWindow.Core.cs,Unused field (dead code candidate).
BoundModHandlerProperty,MainWindow.Core.cs,,,,0,MainWindow.Core.cs,Unused field (dead code candidate).
BoundModProperty,MainWindow.Core.cs,,,,0,MainWindow.Core.cs,Unused field (dead code candidate).
CloudModListCacheDirectoryName,MainWindow.Core.cs,,,,0,MainWindow.Core.cs,Unused field (dead code candidate).
ConnectivityTestHttpClient,MainWindow.Core.cs,,,,0,MainWindow.Core.cs,Unused field (dead code candidate).
DataBackupProgressProperty,MainWindow.Core.cs,,,,0,MainWindow.Core.cs,Unused field (dead code candidate).
DataBackupStatusMessageProperty,MainWindow.Core.cs,,,,0,MainWindow.Core.cs,Unused field (dead code candidate).
DefaultModInfoPanelLeft,MainWindow.Core.cs,,,,0,MainWindow.Core.cs,Unused field (dead code candidate).
DefaultModInfoPanelRightMargin,MainWindow.Core.cs,,,,0,MainWindow.Core.cs,Unused field (dead code candidate).
DefaultModInfoPanelTop,MainWindow.Core.cs,MainWindow.ModInfoPanel.cs::ApplyStoredModInfoPanelPosition;MainWindow.ModInfoPanel.cs::EnsureModInfoPanelWithinBounds,,MainWindow.ModInfoPanel.cs,2,MainWindow.ModInfoPanel.cs,Predominantly used by MainWindow.ModInfoPanel.cs; consider moving field there.
DiscordInviteUrl,MainWindow.Core.cs,MainWindow.Help.cs::DiscordButton_OnClick,,MainWindow.Help.cs,1,MainWindow.Help.cs,Predominantly used by MainWindow.Help.cs; consider moving field there.
HasModlistDownloadSpeedProperty,MainWindow.Core.cs,,,,0,MainWindow.Core.cs,Unused field (dead code candidate).
HoverOverlayOpacity,MainWindow.Core.cs,MainWindow.ModGridRowVisuals.cs::ResetRowOverlays,,MainWindow.ModGridRowVisuals.cs,1,MainWindow.ModGridRowVisuals.cs,Predominantly used by MainWindow.ModGridRowVisuals.cs; consider moving field there.
IsDataBackupInProgressProperty,MainWindow.Core.cs,,,,0,MainWindow.Core.cs,Unused field (dead code candidate).
IsModlistInstallInProgressProperty,MainWindow.Core.cs,,,,0,MainWindow.Core.cs,Unused field (dead code candidate).
LoadMoreScrollThreshold,MainWindow.Core.cs,,,,0,MainWindow.Core.cs,Unused field (dead code candidate).
ManagerModDatabaseModId,MainWindow.Core.cs,,,,0,MainWindow.Core.cs,Unused field (dead code candidate).
ManagerModDatabaseUrl,MainWindow.Core.cs,MainWindow.ManagerUpdateLink.cs::OpenManagerModDatabasePageAsync,,MainWindow.ManagerUpdateLink.cs,1,MainWindow.ManagerUpdateLink.cs,Predominantly used by MainWindow.ManagerUpdateLink.cs; consider moving field there.
MaxDataBackupsMenuItems,MainWindow.Core.cs,,,,0,MainWindow.Core.cs,Unused field (dead code candidate).
ModDatabaseUnavailableMessage,MainWindow.Core.cs,,,,0,MainWindow.Core.cs,Unused field (dead code candidate).
ModDbDesignScrollMultiplier,MainWindow.Core.cs,,,,0,MainWindow.Core.cs,Unused field (dead code candidate).
ModInfoPanelHorizontalOverhang,MainWindow.Core.cs,,,,0,MainWindow.Core.cs,Unused field (dead code candidate).
ModListDirectoryName,MainWindow.Core.cs,,,,0,MainWindow.Core.cs,Unused field (dead code candidate).
ModListLoadOptions,MainWindow.Core.cs,MainWindow.ModlistLoad.cs::GetModlistLoadOptions,,MainWindow.ModlistLoad.cs,3,MainWindow.ModlistLoad.cs,Predominantly used by MainWindow.ModlistLoad.cs; consider moving field there.
ModListScrollMultiplier,MainWindow.Core.cs,MainWindow.ModGridScrolling.cs::GetCurrentScrollMultiplier,,MainWindow.ModGridScrolling.cs,1,MainWindow.ModGridScrolling.cs,Predominantly used by MainWindow.ModGridScrolling.cs; consider moving field there.
ModlistDownloadSpeedProperty,MainWindow.Core.cs,,,,0,MainWindow.Core.cs,Unused field (dead code candidate).
ModlistInstallProgressProperty,MainWindow.Core.cs,,,,0,MainWindow.Core.cs,Unused field (dead code candidate).
ModlistInstallStatusMessageProperty,MainWindow.Core.cs,,,,0,MainWindow.Core.cs,Unused field (dead code candidate).
PresetDirectoryName,MainWindow.Core.cs,,,,0,MainWindow.Core.cs,Unused field (dead code candidate).
RebuiltModListDirectoryName,MainWindow.Core.cs,MainWindow.Startup.cs::MigrateLegacyRebuiltModlistsIfNeeded,,MainWindow.Startup.cs,1,MainWindow.Startup.cs,Predominantly used by MainWindow.Startup.cs; consider moving field there.
RowIsHoveredProperty,MainWindow.Core.cs,,,,0,MainWindow.Core.cs,Unused field (dead code candidate).
SelectionOverlayOpacity,MainWindow.Core.cs,MainWindow.ModGridRowVisuals.cs::ResetRowOverlays,,MainWindow.ModGridRowVisuals.cs,1,MainWindow.ModGridRowVisuals.cs,Predominantly used by MainWindow.ModGridRowVisuals.cs; consider moving field there.
StandardPresetLoadOptions,MainWindow.Core.cs,,,,0,MainWindow.Core.cs,Unused field (dead code candidate).
WindowPositionScreenMargin,MainWindow.Core.cs,MainWindow.WindowState.cs::IsWindowPositionOnScreen,,MainWindow.WindowState.cs,2,MainWindow.WindowState.cs,Predominantly used by MainWindow.WindowState.cs; consider moving field there.
_backupSemaphore,MainWindow.Core.cs,MainWindow.ModlistBackups.cs::CreateBackupAsync;MainWindow.WindowState.cs::OnClosed,,MainWindow.ModlistBackups.cs;MainWindow.WindowState.cs,3,MainWindow.ModlistBackups.cs,Predominantly used by MainWindow.ModlistBackups.cs; consider moving field there.
_cloudModlistStore,MainWindow.Core.cs,MainWindow.CloudInfrastructure.cs::EnsureCloudStoreInitializedAsync;MainWindow.Identity.cs::ApplyPlayerIdentityToUiAndCloudStore;MainWindow.Identity.cs::ResolveUploaderName;MainWindow.Identity.cs::SaveUploaderName;MainWindow.Pdf.cs::GetUploaderNameForPdf;MainWindow.WindowState.cs::OnClosed,MainWindow.CloudInfrastructure.cs::EnsureCloudStoreInitializedAsync;MainWindow.CloudManagement.cs::DeleteAllCloudModlistsAndAuthorizationAsync;MainWindow.DeveloperProfiles.cs::DeveloperProfileMenuItem_OnClick,MainWindow.CloudInfrastructure.cs;MainWindow.CloudManagement.cs;MainWindow.DeveloperProfiles.cs;MainWindow.Identity.cs;MainWindow.Pdf.cs;MainWindow.WindowState.cs,10,MainWindow.Identity.cs,Predominantly used by MainWindow.Identity.cs; consider moving field there.
_cloudModlistsLoaded,MainWindow.Core.cs,MainWindow.CloudLoad.cs::RefreshCloudModlistsAsync;MainWindow.Navigation.cs::HandleModlistsVisibilityChanged;MainWindow.Navigation.cs::ModlistsTabControl_OnSelectionChanged,MainWindow.CloudLoad.cs::DeleteCloudModlistMenuItem_OnClick;MainWindow.CloudLoad.cs::RefreshCloudModlistsAsync;MainWindow.CloudManagement.cs::DeleteAllCloudModlistsAndAuthorizationAsync;MainWindow.CloudManagement.cs::UpdateCloudModlistsAfterChangeAsync;MainWindow.CloudSave.cs::SaveModlistToCloudMenuItem_OnClick;MainWindow.ViewModel.cs::InitializeViewModel,MainWindow.CloudLoad.cs;MainWindow.CloudManagement.cs;MainWindow.CloudSave.cs;MainWindow.Navigation.cs;MainWindow.ViewModel.cs,9,MainWindow.CloudLoad.cs,Predominantly used by MainWindow.CloudLoad.cs; consider moving field there.
_cloudStoreLock,MainWindow.Core.cs,MainWindow.CloudInfrastructure.cs::EnsureCloudStoreInitializedAsync;MainWindow.WindowState.cs::OnClosed,,MainWindow.CloudInfrastructure.cs;MainWindow.WindowState.cs,3,MainWindow.CloudInfrastructure.cs,Predominantly used by MainWindow.CloudInfrastructure.cs; consider moving field there.
_confirmationService,MainWindow.Core.cs,MainWindow.CloudAuth.cs::RestoreFirebaseAuthBackupMenuItem_OnClick;MainWindow.CloudInfrastructure.cs::ExecuteCloudOperationAsync;MainWindow.CloudInfrastructure.cs::MigrateLegacyFirebaseDataIfNeededAsync;MainWindow.CloudLoad.cs::DeleteCloudModlistMenuItem_OnClick;MainWindow.CloudLoad.cs::EnsureCloudModlistContentAsync;MainWindow.CloudLoad.cs::InstallCloudModlistButton_OnClick;MainWindow.CloudLoad.cs::LoadModlistFromCloudMenuItem_OnClick;MainWindow.CloudManagement.cs::DeleteAllCloudModlistsAndAuthorizationAsync;MainWindow.CloudManagement.cs::DeleteCloudModlistAsync;MainWindow.CloudManagement.cs::RenameCloudModlistAsync;MainWindow.CloudManagement.cs::ShowCloudModlistManagementDialogAsync;MainWindow.CloudSave.cs::SaveModlistToCloudAsync;MainWindow.Compatibility.cs::CheckModsCompatibilityMenuItem_OnClick;MainWindow.Compatibility.cs::ExperimentalCompReviewMenuItem_OnClick;MainWindow.ConfigurationMigration.cs::CheckAndPromptMigrationAsync;MainWindow.ConfigurationMigration.cs::PerformMigrationAsync;MainWindow.DataFolderBackups.cs::ChangeBackupLocationMenuItem_OnClick;MainWindow.DataFolderBackups.cs::DeleteDataFolderBackupsMenuItem_OnClick;MainWindow.DataFolderBackups.cs::OpenDataBackupDirectoryMenuItem_OnClick;MainWindow.DataFolderBackups.cs::RestoreDataBackupAsync;MainWindow.DataFolderBackups.cs::RestoreDataFolderMenuItem_OnBackupClick;MainWindow.Debugging.cs::ExperimentalAllModsDebuggingMenuItem_OnClick;MainWindow.Debugging.cs::ExperimentalModDebuggingMenuItem_OnClick;MainWindow.ExclusivePresetApplication.cs::ApplyExclusivePresetAsync;MainWindow.GameLaunch.cs::LaunchGameButton_OnClick;MainWindow.GameLaunch.cs::SetCustomShortcutMenuItem_OnClick;MainWindow.GameLaunch.cs::TryEnsureDataBackupBeforeLaunchAsync;MainWindow.Help.cs::DiscordButton_OnClick;MainWindow.LocalModlists.cs::DeleteLocalModlistsButton_OnClick;MainWindow.LocalModlists.cs::InstallLocalModlistButton_OnClick;MainWindow.LocalModlists.cs::ModifyLocalModlistButton_OnClick;MainWindow.LocalModlists.cs::OpenModlistsFolderButton_OnClick;MainWindow.LocalModlists.cs::RefreshLocalModlistsAsync;MainWindow.ManagerCache.cs::ClearAllCachesMenuItem_OnClick;MainWindow.ManagerCache.cs::DeleteCachedModsMenuItem_OnClick;MainWindow.ManagerDataDeletion.cs::DeleteAllManagerFilesMenuItem_OnClick;MainWindow.ManagerFolder.cs::ChangeManagerFolderMenuItem_OnClick;MainWindow.ManagerFolder.cs::HandleResetManagerFolderAsync;MainWindow.ManagerFolder.cs::ManagerDataFolderMenuItem_OnClick;MainWindow.ManagerUpdateLink.cs::OpenManagerModDatabasePageAsync;MainWindow.ModConfigScanning.cs::ScanForModConfigsMenuItem_OnClick;MainWindow.ModConfiguration.cs::EditConfigButton_OnClick;MainWindow.ModDeletion.cs::DeleteMultipleModsAsync;MainWindow.ModDeletion.cs::DeleteSingleModAsync;MainWindow.ModDeletion.cs::TryDeleteModAtPathAsync;MainWindow.ModDependencyRepair.cs::FixModButton_OnClick;MainWindow.ModInstallation.cs::InstallModCoreAsync;MainWindow.ModRefresh.cs::RefreshModsAfterDependencyResolutionAsync;MainWindow.ModRefresh.cs::RefreshModsWithErrorHandlingAsync;MainWindow.ModRefresh.cs::ScheduleRefreshAfterModlistLoadIfReady;MainWindow.ModUpdateCommands.cs::UpdateAllModsMenuItem_OnClick;MainWindow.ModUpdateCommands.cs::UpdateModsAsync;MainWindow.ModUsage.cs::ShowModUsagePromptDialogAsync;MainWindow.ModlistBackups.cs::RestoreBackupAsync;MainWindow.ModlistLoading.cs::LoadModlistFromFileAsync;MainWindow.ModlistSave.cs::TrySaveAutomaticModlist;MainWindow.ModlistSave.cs::TrySaveModlistAsync;MainWindow.ModsWatcherTimer.cs::ModsWatcherTimerOnTick;MainWindow.PathSelection.cs::PromptForDirectory;MainWindow.Pdf.cs::SaveInstalledModsPdfMenuItem_OnClick;MainWindow.Pdf.cs::TrySaveInstalledModsPdfAsync;MainWindow.PresetConfigurationImport.cs::ImportPresetConfigsAsync;MainWindow.PresetFiles.cs::LoadPresetFromFileAsync;MainWindow.PresetFiles.cs::LoadPresetMenuItem_OnClick;MainWindow.PresetFiles.cs::TrySaveSnapshot;MainWindow.PresetVersionApplication.cs::ApplyPresetModVersionsAsync;MainWindow.Profiles.cs::CreateGameProfileMenuItem_OnClick;MainWindow.Profiles.cs::DeleteGameProfileMenuItem_OnClick;MainWindow.Profiles.cs::EditGameProfileMenuItem_OnClick;MainWindow.ServerModCopy.cs::SelectedModCopyForServerButton_OnClick;MainWindow.ServerSync.cs::SyncToServerMenuItem_OnClick;MainWindow.UserReports.cs::UserReportsButton_OnClick,,MainWindow.CloudAuth.cs;MainWindow.CloudInfrastructure.cs;MainWindow.CloudLoad.cs;MainWindow.CloudManagement.cs;MainWindow.CloudSave.cs;MainWindow.Compatibility.cs;MainWindow.ConfigurationMigration.cs;MainWindow.DataFolderBackups.cs;MainWindow.Debugging.cs;MainWindow.ExclusivePresetApplication.cs;MainWindow.GameLaunch.cs;MainWindow.Help.cs;MainWindow.LocalModlists.cs;MainWindow.ManagerCache.cs;MainWindow.ManagerDataDeletion.cs;MainWindow.ManagerFolder.cs;MainWindow.ManagerUpdateLink.cs;MainWindow.ModConfigScanning.cs;MainWindow.ModConfiguration.cs;MainWindow.ModDeletion.cs;MainWindow.ModDependencyRepair.cs;MainWindow.ModInstallation.cs;MainWindow.ModlistBackups.cs;MainWindow.ModlistLoading.cs;MainWindow.ModlistSave.cs;MainWindow.ModRefresh.cs;MainWindow.ModsWatcherTimer.cs;MainWindow.ModUpdateCommands.cs;MainWindow.ModUsage.cs;MainWindow.PathSelection.cs;MainWindow.Pdf.cs;MainWindow.PresetConfigurationImport.cs;MainWindow.PresetFiles.cs;MainWindow.PresetVersionApplication.cs;MainWindow.Profiles.cs;MainWindow.ServerModCopy.cs;MainWindow.ServerSync.cs;MainWindow.UserReports.cs,183,MainWindow.DataFolderBackups.cs,Predominantly used by MainWindow.DataFolderBackups.cs; consider moving field there.
_currentModsView,MainWindow.Core.cs,MainWindow.ViewModelPropertyChanges.cs::ViewModelOnPropertyChanged,MainWindow.ModGridViewState.cs::AttachToModsView,MainWindow.ModGridViewState.cs;MainWindow.ViewModelPropertyChanges.cs,3,MainWindow.ModGridViewState.cs,Predominantly used by MainWindow.ModGridViewState.cs; consider moving field there.
_customShortcutPath,MainWindow.Core.cs,MainWindow.GameLaunch.cs::LaunchGameButton_OnClick,MainWindow.GameLaunch.cs::LaunchGameButton_OnClick;MainWindow.GameLaunch.cs::SetCustomShortcutMenuItem_OnClick;MainWindow.PathInitialization.cs::TryResolveCustomShortcut,MainWindow.GameLaunch.cs;MainWindow.PathInitialization.cs,7,MainWindow.GameLaunch.cs,Predominantly used by MainWindow.GameLaunch.cs; consider moving field there.
_customThemeMenuItems,MainWindow.Core.cs,MainWindow.Appearance.cs::RefreshCustomThemeMenuItems,,MainWindow.Appearance.cs,3,MainWindow.Appearance.cs,Predominantly used by MainWindow.Appearance.cs; consider moving field there.
_dataDirectory,MainWindow.Core.cs,MainWindow.CloudAuth.cs::DeleteFirebaseAuthFiles;MainWindow.CloudAuth.cs::EnsureFirebaseAuthBackedUpIfAvailable;MainWindow.DataFolderBackups.cs::DeleteDataFolderBackupsMenuItem_OnClick;MainWindow.DataFolderBackups.cs::RestoreDataBackupAsync;MainWindow.DataFolderBackups.cs::RestoreDataFolderMenuItem_OnSubmenuOpened;MainWindow.FolderOpening.cs::OpenConfigFolderButton_OnClick;MainWindow.FolderOpening.cs::OpenLogsFolderButton_OnClick;MainWindow.FolderOpening.cs::OpenModFolderButton_OnClick;MainWindow.GameLaunch.cs::TryEnsureDataBackupBeforeLaunchAsync;MainWindow.ManagedModPaths.cs::TryGetManagedModPath;MainWindow.ManagerDataDeletion.cs::DeleteAllManagerFilesMenuItem_OnClick;MainWindow.PathInitialization.cs::TryInitializePaths;MainWindow.PathInitialization.cs::TryResolveDataDirectory;MainWindow.PathSelection.cs::GetInitialConfigDirectory;MainWindow.ServerSync.cs::SyncToServerMenuItem_OnClick;MainWindow.ViewModel.cs::HandleViewModelInitializationFailure,MainWindow.DeveloperProfiles.cs::DeveloperProfileMenuItem_OnClick;MainWindow.PathInitialization.cs::TryResolveDataDirectory;MainWindow.PathSelection.cs::SelectDataFolderMenuItem_OnClick;MainWindow.ViewModel.cs::HandleViewModelInitializationFailure,MainWindow.CloudAuth.cs;MainWindow.DataFolderBackups.cs;MainWindow.DeveloperProfiles.cs;MainWindow.FolderOpening.cs;MainWindow.GameLaunch.cs;MainWindow.ManagedModPaths.cs;MainWindow.ManagerDataDeletion.cs;MainWindow.PathInitialization.cs;MainWindow.PathSelection.cs;MainWindow.ServerSync.cs;MainWindow.ViewModel.cs,23,MainWindow.DataFolderBackups.cs,Predominantly used by MainWindow.DataFolderBackups.cs; consider moving field there.
_dataFolderBackupCoordinator,MainWindow.Core.cs,MainWindow.DataFolderBackups.cs::ChangeBackupLocationMenuItem_OnClick;MainWindow.DataFolderBackups.cs::DeleteDataFolderBackupsMenuItem_OnClick;MainWindow.DataFolderBackups.cs::OpenDataBackupDirectoryMenuItem_OnClick;MainWindow.DataFolderBackups.cs::RestoreDataBackupAsync;MainWindow.DataFolderBackups.cs::RestoreDataFolderMenuItem_OnSubmenuOpened;MainWindow.GameLaunch.cs::TryEnsureDataBackupBeforeLaunchAsync,,MainWindow.DataFolderBackups.cs;MainWindow.GameLaunch.cs,7,MainWindow.DataFolderBackups.cs,Predominantly used by MainWindow.DataFolderBackups.cs; consider moving field there.
_developerProfileMenuItems,MainWindow.Core.cs,MainWindow.DeveloperProfiles.cs::RefreshDeveloperProfilesMenuEntries;MainWindow.DeveloperProfiles.cs::UpdateDeveloperProfileMenuChecks,,MainWindow.DeveloperProfiles.cs,4,MainWindow.DeveloperProfiles.cs,Predominantly used by MainWindow.DeveloperProfiles.cs; consider moving field there.
_firebaseMigrationAttempted,MainWindow.Core.cs,MainWindow.CloudInfrastructure.cs::MigrateLegacyFirebaseDataIfNeededAsync,MainWindow.CloudInfrastructure.cs::MigrateLegacyFirebaseDataIfNeededAsync,MainWindow.CloudInfrastructure.cs,2,MainWindow.CloudInfrastructure.cs,Predominantly used by MainWindow.CloudInfrastructure.cs; consider moving field there.
_gameDirectory,MainWindow.Core.cs,MainWindow.PathInitialization.cs::TryInitializePaths;MainWindow.PathInitialization.cs::TryResolveGameDirectory,MainWindow.PathInitialization.cs::TryResolveGameDirectory;MainWindow.PathSelection.cs::SelectGameFolderMenuItem_OnClick,MainWindow.PathInitialization.cs;MainWindow.PathSelection.cs,6,MainWindow.PathInitialization.cs,Predominantly used by MainWindow.PathInitialization.cs; consider moving field there.
_gameProfileMenuItems,MainWindow.Core.cs,MainWindow.Profiles.cs::RefreshGameProfileMenuItems;MainWindow.Profiles.cs::UpdateGameProfileMenuChecks,,MainWindow.Profiles.cs,4,MainWindow.Profiles.cs,Predominantly used by MainWindow.Profiles.cs; consider moving field there.
_gameSessionMonitor,MainWindow.Core.cs,MainWindow.ModUsage.cs::ShowModUsagePromptDialogAsync;MainWindow.ModUsage.cs::StartGameSessionMonitor;MainWindow.ModUsage.cs::StopGameSessionMonitor;MainWindow.ModUsage.cs::TryShowModUsagePromptAsync,MainWindow.ModUsage.cs::StartGameSessionMonitor;MainWindow.ModUsage.cs::StopGameSessionMonitor,MainWindow.ModUsage.cs,13,MainWindow.ModUsage.cs,Predominantly used by MainWindow.ModUsage.cs; consider moving field there.
_hasAppliedInitialModInfoPanelPosition,MainWindow.Core.cs,MainWindow.ModInfoPanel.cs::EnsureModInfoPanelWithinBounds,MainWindow.ModInfoPanel.cs::ApplyStoredModInfoPanelPosition,MainWindow.ModInfoPanel.cs,2,MainWindow.ModInfoPanel.cs,Predominantly used by MainWindow.ModInfoPanel.cs; consider moving field there.
_installedColumnVisibilityPreferences,MainWindow.Core.cs,MainWindow.ColumnVisibility.cs::ApplyColumnVisibilityPreferencesToViewModel;MainWindow.ColumnVisibility.cs::InstalledModsColumnMenuItem_OnChecked;MainWindow.ColumnVisibility.cs::RegisterColumnMenuItem,,MainWindow.ColumnVisibility.cs,3,MainWindow.ColumnVisibility.cs,Predominantly used by MainWindow.ColumnVisibility.cs; consider moving field there.
_isApplyingMultiToggle,MainWindow.Core.cs,MainWindow.ModActivationInput.cs::ActiveToggle_OnToggled,MainWindow.ModActivationInput.cs::ActiveToggle_OnToggled,MainWindow.ModActivationInput.cs,3,MainWindow.ModActivationInput.cs,Predominantly used by MainWindow.ModActivationInput.cs; consider moving field there.
_isApplyingPreset,MainWindow.Core.cs,MainWindow.GameLaunch.cs::LaunchGameButton_OnClick;MainWindow.ModGridInput.cs::ModDatabaseCard_OnPreviewMouseLeftButtonDown;MainWindow.ModGridInput.cs::ModsDataGridRow_OnPreviewMouseLeftButtonDown;MainWindow.ModGridInput.cs::ModsDataGrid_OnPreviewMouseLeftButtonDown;MainWindow.ModGridInput.cs::TryHandleModListKeyDownAsync;MainWindow.ModUpdateCommands.cs::UpdateAllModsMenuItem_OnClick;MainWindow.ModlistLoading.cs::UpdateModlistLoadingUiState;MainWindow.PresetApplication.cs::ApplyPresetAsync;MainWindow.Startup.cs::MainWindow_OnClosing,MainWindow.PresetApplication.cs::ApplyPresetAsync,MainWindow.GameLaunch.cs;MainWindow.ModGridInput.cs;MainWindow.ModlistLoading.cs;MainWindow.ModUpdateCommands.cs;MainWindow.PresetApplication.cs;MainWindow.Startup.cs,11,MainWindow.ModGridInput.cs,Predominantly used by MainWindow.ModGridInput.cs; consider moving field there.
_isAutomaticRefreshRunning,MainWindow.Core.cs,MainWindow.ModsWatcherTimer.cs::ModsWatcherTimerOnTick,MainWindow.ModsWatcherTimer.cs::ModsWatcherTimerOnTick;MainWindow.ModsWatcherTimer.cs::StopModsWatcher,MainWindow.ModsWatcherTimer.cs,4,MainWindow.ModsWatcherTimer.cs,Predominantly used by MainWindow.ModsWatcherTimer.cs; consider moving field there.
_isCloudModlistRefreshInProgress,MainWindow.Core.cs,MainWindow.CloudLoad.cs::RefreshCloudModlistsAsync;MainWindow.CloudLoad.cs::UpdateCloudModlistControlsEnabledState,MainWindow.CloudLoad.cs::RefreshCloudModlistsAsync,MainWindow.CloudLoad.cs,4,MainWindow.CloudLoad.cs,Predominantly used by MainWindow.CloudLoad.cs; consider moving field there.
_isDependencyResolutionRefreshPending,MainWindow.Core.cs,MainWindow.ModRefresh.cs::RefreshModsAfterDependencyResolutionAsync,MainWindow.ModRefresh.cs::RefreshModsAfterDependencyResolutionAsync,MainWindow.ModRefresh.cs,3,MainWindow.ModRefresh.cs,Predominantly used by MainWindow.ModRefresh.cs; consider moving field there.
_isDraggingModInfoPanel,MainWindow.Core.cs,MainWindow.ModInfoPanel.cs::ModInfoBorder_OnLostMouseCapture;MainWindow.ModInfoPanel.cs::ModInfoBorder_OnMouseLeftButtonUp;MainWindow.ModInfoPanel.cs::ModInfoBorder_OnMouseMove;MainWindow.ModInfoPanel.cs::RootGrid_OnSizeChanged,MainWindow.ModInfoPanel.cs::ModInfoBorder_OnLostMouseCapture;MainWindow.ModInfoPanel.cs::ModInfoBorder_OnMouseLeftButtonDown;MainWindow.ModInfoPanel.cs::ModInfoBorder_OnMouseLeftButtonUp,MainWindow.ModInfoPanel.cs,7,MainWindow.ModInfoPanel.cs,Predominantly used by MainWindow.ModInfoPanel.cs; consider moving field there.
_isInitializing,MainWindow.Core.cs,MainWindow.ModsWatcherTimer.cs::ModsWatcherTimerOnTick;MainWindow.ViewModel.cs::InitializeViewModelAsync,MainWindow.ViewModel.cs::InitializeViewModelAsync,MainWindow.ModsWatcherTimer.cs;MainWindow.ViewModel.cs,4,MainWindow.ViewModel.cs,Predominantly used by MainWindow.ViewModel.cs; consider moving field there.
_isModBrowserWatcherSubscribed,MainWindow.Core.cs,MainWindow.ModBrowserSynchronization.cs::SubscribeModBrowserToDirectoryWatcher;MainWindow.ModBrowserSynchronization.cs::UnsubscribeModBrowserFromDirectoryWatcher,MainWindow.ModBrowserSynchronization.cs::SubscribeModBrowserToDirectoryWatcher;MainWindow.ModBrowserSynchronization.cs::UnsubscribeModBrowserFromDirectoryWatcher,MainWindow.ModBrowserSynchronization.cs,4,MainWindow.ModBrowserSynchronization.cs,Predominantly used by MainWindow.ModBrowserSynchronization.cs; consider moving field there.
_isModUpdateInProgress,MainWindow.Core.cs,MainWindow.ModBrowserInstallation.cs::InstallModFromBrowserAsync;MainWindow.ModDependencyRepair.cs::FixModButton_OnClick;MainWindow.ModGridSelection.cs::UpdateSelectedModFixButton;MainWindow.ModInstallation.cs::InstallModButton_OnClick;MainWindow.ModUpdateCommands.cs::SelectedModVersionComboBox_OnSelectionChanged;MainWindow.ModUpdateCommands.cs::UpdateAllModsMenuItem_OnClick;MainWindow.ModUpdateCommands.cs::UpdateModButton_OnClick,MainWindow.ModDependencyRepair.cs::FixModButton_OnClick;MainWindow.ModInstallation.cs::InstallModCoreAsync;MainWindow.ModUpdateCommands.cs::UpdateModsAsync,MainWindow.ModBrowserInstallation.cs;MainWindow.ModDependencyRepair.cs;MainWindow.ModGridSelection.cs;MainWindow.ModInstallation.cs;MainWindow.ModUpdateCommands.cs,13,MainWindow.ModUpdateCommands.cs,Predominantly used by MainWindow.ModUpdateCommands.cs; consider moving field there.
_isModUsageDialogOpen,MainWindow.Core.cs,MainWindow.ModUsage.cs::ShowModUsagePromptDialogAsync;MainWindow.ModUsage.cs::TryShowModUsagePromptAsync,MainWindow.ModUsage.cs::ShowModUsagePromptDialogAsync,MainWindow.ModUsage.cs,4,MainWindow.ModUsage.cs,Predominantly used by MainWindow.ModUsage.cs; consider moving field there.
_isRefreshingAfterModlistLoad,MainWindow.Core.cs,MainWindow.ModRefresh.cs::ScheduleRefreshAfterModlistLoadIfReady,MainWindow.ModRefresh.cs::ScheduleRefreshAfterModlistLoadIfReady,MainWindow.ModRefresh.cs,3,MainWindow.ModRefresh.cs,Predominantly used by MainWindow.ModRefresh.cs; consider moving field there.
_isUpdatingMiddleTabSelection,MainWindow.Core.cs,MainWindow.Navigation.cs::MiddleTabControl_OnSelectionChanged,MainWindow.Navigation.cs::SyncMiddleTabControlToViewModel,MainWindow.Navigation.cs,3,MainWindow.Navigation.cs,Predominantly used by MainWindow.Navigation.cs; consider moving field there.
_isUpdatingModlistsTabSelection,MainWindow.Core.cs,MainWindow.Navigation.cs::ModlistsTabControl_OnSelectionChanged,MainWindow.Navigation.cs::ModlistsTabControl_OnSelectionChanged,MainWindow.Navigation.cs,3,MainWindow.Navigation.cs,Predominantly used by MainWindow.Navigation.cs; consider moving field there.
_isWindowActive,MainWindow.Core.cs,MainWindow.WindowState.cs::OnActivated,MainWindow.WindowState.cs::OnActivated;MainWindow.WindowState.cs::OnDeactivated,MainWindow.WindowState.cs,3,MainWindow.WindowState.cs,Predominantly used by MainWindow.WindowState.cs; consider moving field there.
_localModlistsLoaded,MainWindow.Core.cs,MainWindow.LocalModlists.cs::RefreshLocalModlistsAsync,MainWindow.LocalModlists.cs::RefreshLocalModlistsAsync;MainWindow.ViewModel.cs::InitializeViewModel,MainWindow.LocalModlists.cs;MainWindow.ViewModel.cs,3,MainWindow.LocalModlists.cs,Predominantly used by MainWindow.LocalModlists.cs; consider moving field there.
_modActivityLoggingService,MainWindow.Core.cs,MainWindow.CloudAuth.cs::EnsureFirebaseAuthBackedUpIfAvailable;MainWindow.Logging.cs::InitializeTraceListener;MainWindow.ModDeletion.cs::TryDeleteModAtPathAsync;MainWindow.ModInstallation.cs::InstallModCoreAsync;MainWindow.ModUpdateCommands.cs::UpdateModsAsync;MainWindow.ModUsage.cs::ShowModUsagePromptDialogAsync;MainWindow.PresetVersionApplication.cs::TryInstallPresetModAsync;MainWindow.Startup.cs::ClearManagerCachesForVersionUpdateAsync;MainWindow.Startup.cs::MainWindow_OnClosing;MainWindow.Startup.cs::MigrateLegacyRebuiltModlistsIfNeeded;MainWindow.ViewModel.cs::HandleViewModelInitializationFailure,,MainWindow.CloudAuth.cs;MainWindow.Logging.cs;MainWindow.ModDeletion.cs;MainWindow.ModInstallation.cs;MainWindow.ModUpdateCommands.cs;MainWindow.ModUsage.cs;MainWindow.PresetVersionApplication.cs;MainWindow.Startup.cs;MainWindow.ViewModel.cs,15,MainWindow.Startup.cs,Predominantly used by MainWindow.Startup.cs; consider moving field there.
_modBrowserViewModel,MainWindow.Core.cs,MainWindow.ModBrowser.cs::InitializeModBrowserView;MainWindow.ModBrowser.cs::OnUserReportVoteSubmitted;MainWindow.ModBrowserInstallation.cs::AddModToInstalledAndRemoveFromSearch;MainWindow.ModBrowserSynchronization.cs::ModsWatcherOnChangesDetected;MainWindow.ModBrowserSynchronization.cs::OnVotesCacheChanged;MainWindow.ModBrowserSynchronization.cs::SubscribeModBrowserToDirectoryWatcher;MainWindow.ModBrowserSynchronization.cs::SyncInstalledModsToModBrowser;MainWindow.Navigation.cs::UpdateModBrowserTabVisibilityState,MainWindow.ModBrowser.cs::InitializeModBrowserView,MainWindow.ModBrowser.cs;MainWindow.ModBrowserInstallation.cs;MainWindow.ModBrowserSynchronization.cs;MainWindow.Navigation.cs,21,MainWindow.ModBrowserSynchronization.cs,Predominantly used by MainWindow.ModBrowserSynchronization.cs; consider moving field there.
_modCompatibilityCommentsService,MainWindow.Core.cs,MainWindow.Compatibility.cs::ExperimentalCompReviewMenuItem_OnClick,,MainWindow.Compatibility.cs,1,MainWindow.Compatibility.cs,Predominantly used by MainWindow.Compatibility.cs; consider moving field there.
_modDatabaseService,MainWindow.Core.cs,MainWindow.ManagerUpdateLink.cs::RefreshManagerUpdateLinkAsync;MainWindow.ModDependencyRepair.cs::InstallOrUpdateDependencyAsync;MainWindow.PresetVersionApplication.cs::TryInstallPresetModAsync,,MainWindow.ManagerUpdateLink.cs;MainWindow.ModDependencyRepair.cs;MainWindow.PresetVersionApplication.cs,3,MainWindow.ManagerUpdateLink.cs,Predominantly used by MainWindow.ManagerUpdateLink.cs; consider moving field there.
_modInfoDragOffset,MainWindow.Core.cs,MainWindow.ModInfoPanel.cs::ModInfoBorder_OnMouseMove,MainWindow.ModInfoPanel.cs::ModInfoBorder_OnMouseLeftButtonDown,MainWindow.ModInfoPanel.cs,3,MainWindow.ModInfoPanel.cs,Predominantly used by MainWindow.ModInfoPanel.cs; consider moving field there.
_modSelection,MainWindow.Core.cs,MainWindow.ModGridSelection.cs::AddToSelection;MainWindow.ModGridSelection.cs::ClearModDatabaseSelections;MainWindow.ModGridSelection.cs::ClearSelection;MainWindow.ModGridSelection.cs::HandleModRowSelection;MainWindow.ModGridSelection.cs::RemoveFromSelection;MainWindow.ModGridSelection.cs::RestoreSelectionFromSourcePaths;MainWindow.ModGridSelection.cs::SelectAllModsInCurrentView,,MainWindow.ModGridSelection.cs,7,MainWindow.ModGridSelection.cs,Predominantly used by MainWindow.ModGridSelection.cs; consider moving field there.
_modUpdateService,MainWindow.Core.cs,MainWindow.ModUpdateCommands.cs::UpdateModsAsync,,MainWindow.ModUpdateCommands.cs,1,MainWindow.ModUpdateCommands.cs,Predominantly used by MainWindow.ModUpdateCommands.cs; consider moving field there.
_modUsagePromptData,MainWindow.Core.cs,MainWindow.ModUsage.cs::ShowModUsagePromptDialogAsync;MainWindow.ModUsage.cs::TryShowModUsagePromptAsync,MainWindow.ModUsage.cs::ShowModUsagePromptDialogAsync;MainWindow.ModUsage.cs::TryShowModUsagePromptAsync,MainWindow.ModUsage.cs,9,MainWindow.ModUsage.cs,Predominantly used by MainWindow.ModUsage.cs; consider moving field there.
_modlistInstallCompletedSteps,MainWindow.Core.cs,MainWindow.Progress.cs::CompleteModlistInstallStep;MainWindow.Progress.cs::UpdateModlistInstallUi,MainWindow.Progress.cs::BeginModlistInstallUi;MainWindow.Progress.cs::CompleteModlistInstallStep;MainWindow.Progress.cs::EndModlistInstallUi,MainWindow.Progress.cs,6,MainWindow.Progress.cs,Predominantly used by MainWindow.Progress.cs; consider moving field there.
_modlistInstallTotalSteps,MainWindow.Core.cs,MainWindow.Progress.cs::CompleteModlistInstallStep;MainWindow.Progress.cs::UpdateModlistInstallUi,MainWindow.Progress.cs::BeginModlistInstallUi;MainWindow.Progress.cs::EndModlistInstallUi,MainWindow.Progress.cs,4,MainWindow.Progress.cs,Predominantly used by MainWindow.Progress.cs; consider moving field there.
_modsCollection,MainWindow.Core.cs,MainWindow.ModGridViewState.cs::AttachToModsView,MainWindow.ModGridViewState.cs::AttachToModsView,MainWindow.ModGridViewState.cs,7,MainWindow.ModGridViewState.cs,Predominantly used by MainWindow.ModGridViewState.cs; consider moving field there.
_modsScrollViewer,MainWindow.Core.cs,MainWindow.ModGridScrolling.cs::GetModsScrollViewer,MainWindow.ModGridScrolling.cs::ClearScrollViewerCache;MainWindow.ModGridScrolling.cs::GetModsScrollViewer,MainWindow.ModGridScrolling.cs,5,MainWindow.ModGridScrolling.cs,Predominantly used by MainWindow.ModGridScrolling.cs; consider moving field there.
_modsScrollViewerSource,MainWindow.Core.cs,,MainWindow.ModGridScrolling.cs::ClearScrollViewerCache;MainWindow.ModGridScrolling.cs::GetModsScrollViewer,MainWindow.ModGridScrolling.cs,2,MainWindow.ModGridScrolling.cs,Predominantly used by MainWindow.ModGridScrolling.cs; consider moving field there.
_modsWatcherTimer,MainWindow.Core.cs,MainWindow.ModsWatcherTimer.cs::StartModsWatcher;MainWindow.ModsWatcherTimer.cs::StopModsWatcher,MainWindow.ModsWatcherTimer.cs::StartModsWatcher;MainWindow.ModsWatcherTimer.cs::StopModsWatcher,MainWindow.ModsWatcherTimer.cs,7,MainWindow.ModsWatcherTimer.cs,Predominantly used by MainWindow.ModsWatcherTimer.cs; consider moving field there.
_recentLocalModBackupDirectory,MainWindow.Core.cs,,MainWindow.ExclusivePresetApplication.cs::ApplyExclusivePresetAsync;MainWindow.PresetApplication.cs::ApplyPresetAsync,MainWindow.ExclusivePresetApplication.cs;MainWindow.PresetApplication.cs,2,MainWindow.ExclusivePresetApplication.cs,Predominantly used by MainWindow.ExclusivePresetApplication.cs; consider moving field there.
_recentLocalModBackupModNames,MainWindow.Core.cs,,MainWindow.ExclusivePresetApplication.cs::ApplyExclusivePresetAsync;MainWindow.PresetApplication.cs::ApplyPresetAsync,MainWindow.ExclusivePresetApplication.cs;MainWindow.PresetApplication.cs,2,MainWindow.ExclusivePresetApplication.cs,Predominantly used by MainWindow.ExclusivePresetApplication.cs; consider moving field there.
_refreshAfterModlistLoadPending,MainWindow.Core.cs,MainWindow.ModRefresh.cs::ScheduleRefreshAfterModlistLoadIfReady,MainWindow.ModRefresh.cs::ScheduleRefreshAfterModlistLoadIfReady;MainWindow.PresetApplication.cs::ApplyPresetAsync,MainWindow.ModRefresh.cs;MainWindow.PresetApplication.cs,3,MainWindow.ModRefresh.cs,Predominantly used by MainWindow.ModRefresh.cs; consider moving field there.
_selectedCloudModlist,MainWindow.Core.cs,MainWindow.CloudLoad.cs::InstallCloudModlistButton_OnClick;MainWindow.CloudLoad.cs::UpdateCloudModlistControlsEnabledState,MainWindow.CloudLoad.cs::SetCloudModlistSelection;MainWindow.ViewModel.cs::InitializeViewModel,MainWindow.CloudLoad.cs;MainWindow.ViewModel.cs,4,MainWindow.CloudLoad.cs,Predominantly used by MainWindow.CloudLoad.cs; consider moving field there.
_selectedLocalModlists,MainWindow.Core.cs,MainWindow.LocalModlists.cs::DeleteLocalModlistsButton_OnClick;MainWindow.LocalModlists.cs::InstallLocalModlistButton_OnClick;MainWindow.LocalModlists.cs::ModifyLocalModlistButton_OnClick;MainWindow.LocalModlists.cs::RefreshLocalModlistsAsync;MainWindow.LocalModlists.cs::SaveLocalModlistButton_OnClick;MainWindow.LocalModlists.cs::SetLocalModlistSelection;MainWindow.LocalModlists.cs::UpdateLocalModlistControlsEnabledState,,MainWindow.LocalModlists.cs,15,MainWindow.LocalModlists.cs,Predominantly used by MainWindow.LocalModlists.cs; consider moving field there.
_serverTargetService,MainWindow.Core.cs,MainWindow.ServerConnection.cs::ShowHostKeyVerificationAsync;MainWindow.ServerSync.cs::SyncToServerMenuItem_OnClick,,MainWindow.ServerConnection.cs;MainWindow.ServerSync.cs,2,MainWindow.ServerConnection.cs,Predominantly used by MainWindow.ServerConnection.cs; consider moving field there.
_suppressSortPreferenceSave,MainWindow.Core.cs,MainWindow.Sorting.cs::ApplySortOption;MainWindow.ViewModelPropertyChanges.cs::ViewModelOnPropertyChanged,MainWindow.Sorting.cs::ApplySortOption,MainWindow.Sorting.cs;MainWindow.ViewModelPropertyChanges.cs,4,MainWindow.Sorting.cs,Predominantly used by MainWindow.Sorting.cs; consider moving field there.
_syncEngine,MainWindow.Core.cs,,,,0,MainWindow.Core.cs,Unused field (dead code candidate).
_traceListener,MainWindow.Core.cs,MainWindow.Logging.cs::InitializeTraceListener;MainWindow.Startup.cs::MainWindow_OnClosing,MainWindow.Logging.cs::InitializeTraceListener;MainWindow.Startup.cs::MainWindow_OnClosing,MainWindow.Logging.cs;MainWindow.Startup.cs,7,MainWindow.Logging.cs,Predominantly used by MainWindow.Logging.cs; consider moving field there.
_userConfiguration,MainWindow.Core.cs,MainWindow.Appearance.cs::ShowCustomThemeEditor;MainWindow.ColumnVisibility.cs::InstalledModsColumnMenuItem_OnChecked;MainWindow.ColumnVisibility.cs::RegisterColumnMenuItem;MainWindow.Compatibility.cs::CheckModsCompatibilityMenuItem_OnClick;MainWindow.ConfigurationMigration.cs::CheckAndPromptMigrationAsync;MainWindow.DataFolderBackups.cs::ChangeBackupLocationMenuItem_OnClick;MainWindow.DeveloperProfiles.cs::DeveloperProfileMenuItem_OnClick;MainWindow.ExclusivePresetApplication.cs::ApplyExclusivePresetAsync;MainWindow.FeatureDirectories.cs::EnsureBackupDirectory;MainWindow.FeatureDirectories.cs::EnsureCloudModListCacheDirectory;MainWindow.FeatureDirectories.cs::EnsureModListDirectory;MainWindow.GameLaunch.cs::LaunchGameButton_OnClick;MainWindow.GameLaunch.cs::SetCustomShortcutMenuItem_OnClick;MainWindow.GameLaunch.cs::TryEnsureDataBackupBeforeLaunchAsync;MainWindow.Help.cs::GuideMenuItem_OnClick;MainWindow.Help.cs::HelpMenuItem_OnClick;MainWindow.Identity.cs::SaveUploaderName;MainWindow.Identity.cs::SetUsernameDisplay;MainWindow.Logging.cs::InitializeTraceListener;MainWindow.ModConfigCapture.cs::BuildModConfigOptions;MainWindow.ModConfigScanning.cs::ScanForModConfigsMenuItem_OnClick;MainWindow.ModConfiguration.cs::EditConfigButton_OnClick;MainWindow.ModDeletion.cs::TryDeleteModAtPathAsync;MainWindow.ModDependencyRepair.cs::InstallOrUpdateDependencyAsync;MainWindow.ModGridRowVisuals.cs::DisableHoverEffectsMenuItem_OnClick;MainWindow.ModGridSelection.cs::UpdateSelectedModCopyForServerButton;MainWindow.ModGridSelection.cs::UpdateSelectedModEditConfigButton;MainWindow.ModInfoPanel.cs::ApplyStoredModInfoPanelPosition;MainWindow.ModInfoPanel.cs::EnsureModInfoPanelWithinBounds;MainWindow.ModInfoPanel.cs::SetModInfoPanelPosition;MainWindow.ModInstallation.cs::InstallModCoreAsync;MainWindow.ModRefresh.cs::RefreshModsWithErrorHandlingAsync;MainWindow.ModUpdateCommands.cs::UpdateModsAsync;MainWindow.ModUsage.cs::PrepareModUsagePromptData;MainWindow.ModUsage.cs::ShowModUsagePromptDialogAsync;MainWindow.ModUsage.cs::StartGameSessionMonitor;MainWindow.ModUsage.cs::TryShowModUsagePromptAsync;MainWindow.ModlistBackups.cs::CaptureConfigurationsForBackup;MainWindow.ModlistLoad.cs::EnsureModlistBackupBeforeLoad;MainWindow.ModlistLoad.cs::PromptModlistLoadMode;MainWindow.Navigation.cs::ApplyPreferredModlistsTabSelection;MainWindow.Navigation.cs::ModlistsTabControl_OnSelectionChanged;MainWindow.PathInitialization.cs::TryInitializePaths;MainWindow.PathInitialization.cs::TryResolveCustomShortcut;MainWindow.PathInitialization.cs::TryResolveDataDirectory;MainWindow.PathInitialization.cs::TryResolveGameDirectory;MainWindow.PathSelection.cs::SelectDataFolderMenuItem_OnClick;MainWindow.PathSelection.cs::SelectGameFolderMenuItem_OnClick;MainWindow.Pdf.cs::GetUploaderNameForPdf;MainWindow.PresetFiles.cs::EnsurePresetDirectory;MainWindow.PresetFiles.cs::LoadPresetFromFileAsync;MainWindow.PresetFiles.cs::SavePresetMenuItem_OnClick;MainWindow.PresetVersionApplication.cs::TryInstallPresetModAsync;MainWindow.Profiles.cs::CreateGameProfileMenuItem_OnClick;MainWindow.Profiles.cs::DeleteGameProfileMenuItem_OnClick;MainWindow.Profiles.cs::EditGameProfileMenuItem_OnClick;MainWindow.Profiles.cs::GameProfileMenuItem_OnClick;MainWindow.Profiles.cs::RefreshGameProfileMenuItems;MainWindow.Profiles.cs::UpdateActiveGameProfileDisplay;MainWindow.Profiles.cs::UpdateGameProfileMenuChecks;MainWindow.ServerSync.cs::EnableServerOptionsMenuItem_OnClick;MainWindow.ServerSync.cs::SyncToServerMenuItem_OnClick;MainWindow.ServerSync.cs::UpdateSyncToServerMenuState;MainWindow.Sorting.cs::RestoreSortPreference;MainWindow.Sorting.cs::UpdateSortPreferenceFromSelectedOption;MainWindow.Startup.cs::EnsureInstalledModsCachedAsync;MainWindow.Startup.cs::MainWindow_Loaded;MainWindow.Startup.cs::MainWindow_OnClosing;MainWindow.Startup.cs::MigrateLegacyRebuiltModlistsIfNeeded;MainWindow.Startup.cs::PromptCacheRefreshIfNeededAsync;MainWindow.ViewModel.cs::HandleViewModelInitializationFailure;MainWindow.ViewModel.cs::InitializeViewModel;MainWindow.ViewModel.cs::ReloadViewModelAsync;MainWindow.ViewModelPropertyChanges.cs::ViewModelOnPropertyChanged;MainWindow.WindowState.cs::ApplyStoredWindowDimensions;MainWindow.WindowState.cs::SaveWindowDimensions,,MainWindow.Appearance.cs;MainWindow.ColumnVisibility.cs;MainWindow.Compatibility.cs;MainWindow.ConfigurationMigration.cs;MainWindow.DataFolderBackups.cs;MainWindow.DeveloperProfiles.cs;MainWindow.ExclusivePresetApplication.cs;MainWindow.FeatureDirectories.cs;MainWindow.GameLaunch.cs;MainWindow.Help.cs;MainWindow.Identity.cs;MainWindow.Logging.cs;MainWindow.ModConfigCapture.cs;MainWindow.ModConfigScanning.cs;MainWindow.ModConfiguration.cs;MainWindow.ModDeletion.cs;MainWindow.ModDependencyRepair.cs;MainWindow.ModGridRowVisuals.cs;MainWindow.ModGridSelection.cs;MainWindow.ModInfoPanel.cs;MainWindow.ModInstallation.cs;MainWindow.ModlistBackups.cs;MainWindow.ModlistLoad.cs;MainWindow.ModRefresh.cs;MainWindow.ModUpdateCommands.cs;MainWindow.ModUsage.cs;MainWindow.Navigation.cs;MainWindow.PathInitialization.cs;MainWindow.PathSelection.cs;MainWindow.Pdf.cs;MainWindow.PresetFiles.cs;MainWindow.PresetVersionApplication.cs;MainWindow.Profiles.cs;MainWindow.ServerSync.cs;MainWindow.Sorting.cs;MainWindow.Startup.cs;MainWindow.ViewModel.cs;MainWindow.ViewModelPropertyChanges.cs;MainWindow.WindowState.cs,157,MainWindow.Profiles.cs,Predominantly used by MainWindow.Profiles.cs; consider moving field there.
_viewModel,MainWindow.Core.cs,MainWindow.CloudInfrastructure.cs::MigrateLegacyFirebaseDataIfNeededAsync;MainWindow.CloudLoad.cs::DeleteCloudModlistMenuItem_OnClick;MainWindow.CloudLoad.cs::EnsureCloudModlistContentAsync;MainWindow.CloudLoad.cs::InstallCloudModlistButton_OnClick;MainWindow.CloudLoad.cs::LoadModlistFromCloudMenuItem_OnClick;MainWindow.CloudLoad.cs::RefreshCloudModlistsAsync;MainWindow.CloudManagement.cs::DeleteAllCloudModlistsAndAuthorizationAsync;MainWindow.CloudManagement.cs::DeleteCloudModlistAsync;MainWindow.CloudManagement.cs::RenameCloudModlistAsync;MainWindow.CloudManagement.cs::UpdateCloudModlistsAfterChangeAsync;MainWindow.CloudSave.cs::SaveCloudModlistButton_OnClick;MainWindow.CloudSave.cs::SaveModlistToCloudAsync;MainWindow.CloudSave.cs::SaveModlistToCloudMenuItem_OnClick;MainWindow.ColumnVisibility.cs::ApplyColumnVisibilityPreferencesToViewModel;MainWindow.ColumnVisibility.cs::NotifyViewModelOfInstalledColumnVisibility;MainWindow.Compatibility.cs::CheckModsCompatibilityMenuItem_OnClick;MainWindow.Compatibility.cs::ExperimentalCompReviewMenuItem_OnClick;MainWindow.DataFolderBackups.cs::ChangeBackupLocationMenuItem_OnClick;MainWindow.DataFolderBackups.cs::DeleteDataFolderBackupsMenuItem_OnClick;MainWindow.DataFolderBackups.cs::RestoreDataBackupAsync;MainWindow.Debugging.cs::ExperimentalAllModsDebuggingMenuItem_OnClick;MainWindow.Debugging.cs::ExperimentalModDebuggingMenuItem_OnClick;MainWindow.ExclusivePresetApplication.cs::ApplyExclusivePresetAsync;MainWindow.Identity.cs::ApplyPlayerIdentityToCloudStore;MainWindow.Identity.cs::ResolveUploaderName;MainWindow.LocalModlists.cs::DeleteLocalModlistsButton_OnClick;MainWindow.LocalModlists.cs::ModifyLocalModlistButton_OnClick;MainWindow.LocalModlists.cs::RefreshLocalModlistsAsync;MainWindow.ModBrowserInstallation.cs::ConvertToModListItemViewModel;MainWindow.ModBrowserSynchronization.cs::SubscribeModBrowserToDirectoryWatcher;MainWindow.ModBrowserSynchronization.cs::SyncInstalledModsToModBrowser;MainWindow.ModBrowserSynchronization.cs::UnsubscribeModBrowserFromDirectoryWatcher;MainWindow.ModConfigCapture.cs::BuildModConfigOptions;MainWindow.ModConfigScanning.cs::ScanForModConfigsMenuItem_OnClick;MainWindow.ModConfiguration.cs::EditConfigButton_OnClick;MainWindow.ModDeletion.cs::DeleteMultipleModsAsync;MainWindow.ModDeletion.cs::DeleteSingleModAsync;MainWindow.ModDependencyRepair.cs::FixModButton_OnClick;MainWindow.ModDependencyRepair.cs::InstallOrUpdateDependencyAsync;MainWindow.ModGridRowVisuals.cs::AreHoverOverlaysSuppressed;MainWindow.ModGridSelection.cs::GetModsInViewOrder;MainWindow.ModGridSelection.cs::RestoreSelectionFromSourcePaths;MainWindow.ModGridSelection.cs::UpdateSelectedModButtons;MainWindow.ModGridViewState.cs::ModsView_OnCollectionChanged;MainWindow.ModGridViewState.cs::ShouldPreserveModsViewState;MainWindow.ModInstallation.cs::InstallModButton_OnClick;MainWindow.ModInstallation.cs::InstallModCoreAsync;MainWindow.ModRefresh.cs::RefreshModDetailsOnly;MainWindow.ModRefresh.cs::RefreshModsAfterDependencyResolutionAsync;MainWindow.ModRefresh.cs::RefreshModsAsync;MainWindow.ModRefresh.cs::RefreshModsWithErrorHandlingAsync;MainWindow.ModRefresh.cs::ScheduleRefreshAfterModlistLoadIfReady;MainWindow.ModUpdateCommands.cs::SelectedModVersionComboBox_OnSelectionChanged;MainWindow.ModUpdateCommands.cs::UpdateAllModsMenuItem_OnClick;MainWindow.ModUpdateCommands.cs::UpdateModsAsync;MainWindow.ModUsage.cs::PrepareModUsagePromptData;MainWindow.ModUsage.cs::ShowModUsagePromptDialogAsync;MainWindow.ModUsage.cs::StartGameSessionMonitor;MainWindow.ModUsage.cs::TryShowModUsagePromptAsync;MainWindow.ModlistBackups.cs::CreateBackupAsync;MainWindow.ModlistBackups.cs::RestoreBackupAsync;MainWindow.ModlistLoading.cs::LoadModlistFromFileAsync;MainWindow.ModlistLoading.cs::LoadModlistMenuItem_OnClick;MainWindow.ModlistLoading.cs::SwitchToInstalledModsTab;MainWindow.ModlistSave.cs::TryBuildCurrentModlistJson;MainWindow.ModlistSave.cs::TrySaveAutomaticModlist;MainWindow.ModlistSave.cs::TrySaveModlistAsync;MainWindow.ModsWatcherTimer.cs::ModsWatcherTimerOnTick;MainWindow.ModsWatcherTimer.cs::StartModsWatcher;MainWindow.Navigation.cs::MiddleTabControl_OnSelectionChanged;MainWindow.Navigation.cs::ModlistsTabControl_OnSelectionChanged;MainWindow.Navigation.cs::SyncMiddleTabControlToViewModel;MainWindow.Pdf.cs::GetUploaderNameForPdf;MainWindow.Pdf.cs::SaveInstalledModsPdfMenuItem_OnClick;MainWindow.Pdf.cs::TrySaveInstalledModsPdfAsync;MainWindow.PresetApplication.cs::ApplyPresetAsync;MainWindow.PresetConfigurationImport.cs::ImportPresetConfigsAsync;MainWindow.PresetFiles.cs::LoadPresetFromFileAsync;MainWindow.PresetFiles.cs::LoadPresetMenuItem_OnClick;MainWindow.PresetFiles.cs::ResolveGameVersion;MainWindow.PresetFiles.cs::SavePresetMenuItem_OnClick;MainWindow.PresetFiles.cs::TrySaveSnapshot;MainWindow.PresetVersionApplication.cs::ApplyPresetModVersionsAsync;MainWindow.PresetVersionApplication.cs::TryInstallPresetModAsync;MainWindow.Progress.cs::CreateModUpdateProgressReporter;MainWindow.ServerModCopy.cs::SelectedModCopyForServerButton_OnClick;MainWindow.Sorting.cs::ApplyModListSort;MainWindow.Sorting.cs::ApplySortOption;MainWindow.Sorting.cs::FindMatchingSortOption;MainWindow.Sorting.cs::ModsDataGrid_OnSorting;MainWindow.Sorting.cs::RestoreSortPreference;MainWindow.Sorting.cs::UpdateSortPreferenceFromSelectedOption;MainWindow.Startup.cs::MainWindow_Loaded;MainWindow.Startup.cs::MainWindow_OnClosing;MainWindow.Startup.cs::MigrateLegacyRebuiltModlistsIfNeeded;MainWindow.StatusReporting.cs::ReportStatus;MainWindow.UserReports.cs::UserReportsButton_OnClick;MainWindow.ViewModel.cs::DisposeCurrentViewModel;MainWindow.ViewModel.cs::InitializeViewModel;MainWindow.ViewModel.cs::ReloadViewModelAsync;MainWindow.ViewModelPropertyChanges.cs::ViewModelOnPropertyChanged,MainWindow.ViewModel.cs::DisposeCurrentViewModel;MainWindow.ViewModel.cs::InitializeViewModel;MainWindow.ViewModel.cs::ReloadViewModelAsync,MainWindow.CloudInfrastructure.cs;MainWindow.CloudLoad.cs;MainWindow.CloudManagement.cs;MainWindow.CloudSave.cs;MainWindow.ColumnVisibility.cs;MainWindow.Compatibility.cs;MainWindow.DataFolderBackups.cs;MainWindow.Debugging.cs;MainWindow.ExclusivePresetApplication.cs;MainWindow.Identity.cs;MainWindow.LocalModlists.cs;MainWindow.ModBrowserInstallation.cs;MainWindow.ModBrowserSynchronization.cs;MainWindow.ModConfigCapture.cs;MainWindow.ModConfigScanning.cs;MainWindow.ModConfiguration.cs;MainWindow.ModDeletion.cs;MainWindow.ModDependencyRepair.cs;MainWindow.ModGridRowVisuals.cs;MainWindow.ModGridSelection.cs;MainWindow.ModGridViewState.cs;MainWindow.ModInstallation.cs;MainWindow.ModlistBackups.cs;MainWindow.ModlistLoading.cs;MainWindow.ModlistSave.cs;MainWindow.ModRefresh.cs;MainWindow.ModsWatcherTimer.cs;MainWindow.ModUpdateCommands.cs;MainWindow.ModUsage.cs;MainWindow.Navigation.cs;MainWindow.Pdf.cs;MainWindow.PresetApplication.cs;MainWindow.PresetConfigurationImport.cs;MainWindow.PresetFiles.cs;MainWindow.PresetVersionApplication.cs;MainWindow.Progress.cs;MainWindow.ServerModCopy.cs;MainWindow.Sorting.cs;MainWindow.Startup.cs;MainWindow.StatusReporting.cs;MainWindow.UserReports.cs;MainWindow.ViewModel.cs;MainWindow.ViewModelPropertyChanges.cs,234,MainWindow.Sorting.cs,Predominantly used by MainWindow.Sorting.cs; consider moving field there.
_votesCacheWatcher,MainWindow.Core.cs,MainWindow.ModBrowserSynchronization.cs::InitializeVotesCacheWatcher;MainWindow.ModBrowserSynchronization.cs::OnVotesCacheChanged;MainWindow.WindowState.cs::OnClosed,MainWindow.ModBrowserSynchronization.cs::InitializeVotesCacheWatcher,MainWindow.ModBrowserSynchronization.cs;MainWindow.WindowState.cs,5,MainWindow.ModBrowserSynchronization.cs,Predominantly used by MainWindow.ModBrowserSynchronization.cs; consider moving field there.
