XamlFile,ElementName,EventName,HandlerName,HandlerPartialFile
MainWindow.xaml,ActiveColumnMenuItem,Checked,InstalledModsColumnMenuItem_OnChecked,MainWindow.ColumnVisibility.cs
MainWindow.xaml,ActiveColumnMenuItem,Unchecked,InstalledModsColumnMenuItem_OnChecked,MainWindow.ColumnVisibility.cs
MainWindow.xaml,AuthorsColumnMenuItem,Checked,InstalledModsColumnMenuItem_OnChecked,MainWindow.ColumnVisibility.cs
MainWindow.xaml,AuthorsColumnMenuItem,Unchecked,InstalledModsColumnMenuItem_OnChecked,MainWindow.ColumnVisibility.cs
MainWindow.xaml,BrowsePresetMenuItem,Click,LoadPresetMenuItem_OnClick,MainWindow.PresetFiles.cs
MainWindow.xaml,Button,Click,UserReportsButton_OnClick,MainWindow.UserReports.cs
MainWindow.xaml,Button,Click,CloseModInfoButton_OnClick,MainWindow.ModGridSelection.cs
MainWindow.xaml,CloudModlistsDataGrid,SelectionChanged,CloudModlistsDataGrid_OnSelectionChanged,MainWindow.CloudLoad.cs
MainWindow.xaml,CreateGameProfileMenuItem,Click,CreateGameProfileMenuItem_OnClick,MainWindow.Profiles.cs
MainWindow.xaml,DeleteCachedModsMenuItem,Click,DeleteCachedModsMenuItem_OnClick,MainWindow.ManagerCache.cs
MainWindow.xaml,DeleteGameProfileMenuItem,Click,DeleteGameProfileMenuItem_OnClick,MainWindow.Profiles.cs
MainWindow.xaml,DeleteLocalModlistsButton,Click,DeleteLocalModlistsButton_OnClick,MainWindow.LocalModlists.cs
MainWindow.xaml,DisableHoverEffectsMenuItem,Click,DisableHoverEffectsMenuItem_OnClick,MainWindow.ModGridRowVisuals.cs
MainWindow.xaml,DiscordButton,Click,DiscordButton_OnClick,MainWindow.Help.cs
MainWindow.xaml,EditGameProfileMenuItem,Click,EditGameProfileMenuItem_OnClick,MainWindow.Profiles.cs
MainWindow.xaml,EditThemeMenuItem,Click,EditThemeMenuItem_OnClick,MainWindow.Appearance.cs
MainWindow.xaml,EnableServerOptionsMenuItem,Click,EnableServerOptionsMenuItem_OnClick,MainWindow.ServerSync.cs
MainWindow.xaml,EventSetter,Handler,ModsDataGridRow_OnPreviewMouseLeftButtonDown,MainWindow.ModGridInput.cs
MainWindow.xaml,EventSetter,Handler,ModsDataGridRow_OnLoaded,MainWindow.ModGridRowVisuals.cs
MainWindow.xaml,EventSetter,Handler,ModsDataGridRow_OnUnloaded,MainWindow.ModGridRowVisuals.cs
MainWindow.xaml,EventSetter,Handler,ModsDataGridRow_OnMouseEnter,MainWindow.ModGridRowVisuals.cs
MainWindow.xaml,EventSetter,Handler,ModsDataGridRow_OnMouseLeave,MainWindow.ModGridRowVisuals.cs
MainWindow.xaml,EventSetter,Handler,LatestVersionTextBlock_OnToolTipOpening,MainWindow.ModGridScrolling.cs
MainWindow.xaml,EventSetter,Handler,LatestVersionTextBlock_OnToolTipClosing,MainWindow.ModGridScrolling.cs
MainWindow.xaml,GameProfilesMenuItem,SubmenuOpened,GameProfilesMenuItem_OnSubmenuOpened,MainWindow.Profiles.cs
MainWindow.xaml,Hyperlink,Click,ModUsagePromptLink_OnClick,MainWindow.Help.cs
MainWindow.xaml,Hyperlink,RequestNavigate,ManagerUpdateLink_OnRequestNavigate,MainWindow.ManagerUpdateLink.cs
MainWindow.xaml,IconColumnMenuItem,Checked,InstalledModsColumnMenuItem_OnChecked,MainWindow.ColumnVisibility.cs
MainWindow.xaml,IconColumnMenuItem,Unchecked,InstalledModsColumnMenuItem_OnChecked,MainWindow.ColumnVisibility.cs
MainWindow.xaml,InstallCloudModlistButton,Click,InstallCloudModlistButton_OnClick,MainWindow.CloudLoad.cs
MainWindow.xaml,InstallLocalModlistButton,Click,InstallLocalModlistButton_OnClick,MainWindow.LocalModlists.cs
MainWindow.xaml,LatestVersionColumnMenuItem,Checked,InstalledModsColumnMenuItem_OnChecked,MainWindow.ColumnVisibility.cs
MainWindow.xaml,LatestVersionColumnMenuItem,Unchecked,InstalledModsColumnMenuItem_OnChecked,MainWindow.ColumnVisibility.cs
MainWindow.xaml,LaunchGameButton,Click,LaunchGameButton_OnClick,MainWindow.GameLaunch.cs
MainWindow.xaml,LoadPresetMenuItem,SubmenuOpened,LoadPresetMenuItem_OnSubmenuOpened,MainWindow.PresetFiles.cs
MainWindow.xaml,LocalModlistsDataGrid,SelectionChanged,LocalModlistsDataGrid_OnSelectionChanged,MainWindow.LocalModlists.cs
MainWindow.xaml,MainWindowRoot,PreviewDragEnter,MainWindow_OnPreviewDragEnter,MainWindow.ModlistLoading.cs
MainWindow.xaml,MainWindowRoot,PreviewDragOver,MainWindow_OnPreviewDragOver,MainWindow.ModlistLoading.cs
MainWindow.xaml,MainWindowRoot,PreviewDrop,MainWindow_OnPreviewDrop,MainWindow.ModlistLoading.cs
MainWindow.xaml,MainWindowRoot,PreviewKeyDown,MainWindow_OnPreviewKeyDown,MainWindow.ModGridInput.cs
MainWindow.xaml,ManageServerTargetsMenuItem,Click,ManageServerTargetsMenuItem_OnClick,MainWindow.ServerSync.cs
MainWindow.xaml,MenuItem,Click,SelectDataFolderMenuItem_OnClick,MainWindow.PathSelection.cs
MainWindow.xaml,MenuItem,Click,SelectGameFolderMenuItem_OnClick,MainWindow.PathSelection.cs
MainWindow.xaml,MenuItem,Click,ExitMenuItem_OnClick,MainWindow.Profiles.cs
MainWindow.xaml,MenuItem,Click,ScanForModConfigsMenuItem_OnClick,MainWindow.ModConfigScanning.cs
MainWindow.xaml,MenuItem,Click,CheckModsCompatibilityMenuItem_OnClick,MainWindow.Compatibility.cs
MainWindow.xaml,MenuItem,Click,OpenModFolderButton_OnClick,MainWindow.FolderOpening.cs
MainWindow.xaml,MenuItem,Click,OpenLogsFolderButton_OnClick,MainWindow.FolderOpening.cs
MainWindow.xaml,MenuItem,Click,OpenConfigFolderButton_OnClick,MainWindow.FolderOpening.cs
MainWindow.xaml,MenuItem,Click,OpenModlistsFolderButton_OnClick,MainWindow.LocalModlists.cs
MainWindow.xaml,MenuItem,Click,ManagerDataFolderMenuItem_OnClick,MainWindow.ManagerFolder.cs
MainWindow.xaml,MenuItem,Click,SaveModlistMenuItem_OnClick,MainWindow.ModlistSave.cs
MainWindow.xaml,MenuItem,Click,LoadModlistMenuItem_OnClick,MainWindow.ModlistLoading.cs
MainWindow.xaml,MenuItem,Click,SavePresetMenuItem_OnClick,MainWindow.PresetFiles.cs
MainWindow.xaml,MenuItem,Click,GuideMenuItem_OnClick,MainWindow.Help.cs
MainWindow.xaml,MenuItem,Click,HelpMenuItem_OnClick,MainWindow.Help.cs
MainWindow.xaml,MenuItem,Click,ManagerModDbPageMenuItem_OnClick,MainWindow.ManagerUpdateLink.cs
MainWindow.xaml,MenuItem,Click,ClearAllCachesMenuItem_OnClick,MainWindow.ManagerCache.cs
MainWindow.xaml,MenuItem,Click,SetCustomShortcutMenuItem_OnClick,MainWindow.GameLaunch.cs
MainWindow.xaml,MenuItem,Click,ChangeManagerFolderMenuItem_OnClick,MainWindow.ManagerFolder.cs
MainWindow.xaml,MenuItem,Click,RestoreFirebaseAuthBackupMenuItem_OnClick,MainWindow.CloudAuth.cs
MainWindow.xaml,MenuItem,Click,ExperimentalModDebuggingMenuItem_OnClick,MainWindow.Debugging.cs
MainWindow.xaml,MenuItem,Click,ExperimentalAllModsDebuggingMenuItem_OnClick,MainWindow.Debugging.cs
MainWindow.xaml,MenuItem,Click,DeleteAllManagerFilesMenuItem_OnClick,MainWindow.ManagerDataDeletion.cs
MainWindow.xaml,MenuItem,SubmenuOpened,RestoreBackupMenuItem_OnSubmenuOpened,MainWindow.ModlistBackups.cs
MainWindow.xaml,MenuItem,SubmenuOpened,ModsMenuItem_OnSubmenuOpened,MainWindow.ManagerCache.cs
MainWindow.xaml,MiddleTabControl,SelectionChanged,MiddleTabControl_OnSelectionChanged,MainWindow.Navigation.cs
MainWindow.xaml,ModifyCloudModlistsButton,Click,ModifyCloudModlistsButton_OnClick,MainWindow.CloudManagement.cs
MainWindow.xaml,ModifyLocalModlistButton,Click,ModifyLocalModlistButton_OnClick,MainWindow.LocalModlists.cs
MainWindow.xaml,MODINFO_border,LostMouseCapture,ModInfoBorder_OnLostMouseCapture,MainWindow.ModInfoPanel.cs
MainWindow.xaml,MODINFO_border,MouseLeftButtonDown,ModInfoBorder_OnMouseLeftButtonDown,MainWindow.ModInfoPanel.cs
MainWindow.xaml,MODINFO_border,MouseLeftButtonUp,ModInfoBorder_OnMouseLeftButtonUp,MainWindow.ModInfoPanel.cs
MainWindow.xaml,MODINFO_border,MouseMove,ModInfoBorder_OnMouseMove,MainWindow.ModInfoPanel.cs
MainWindow.xaml,ModlistsTabControl,Loaded,ModlistsTabControl_OnLoaded,MainWindow.Navigation.cs
MainWindow.xaml,ModlistsTabControl,SelectionChanged,ModlistsTabControl_OnSelectionChanged,MainWindow.Navigation.cs
MainWindow.xaml,ModsDataGrid,PreviewKeyDown,ModsDataGrid_OnPreviewKeyDown,MainWindow.ModGridInput.cs
MainWindow.xaml,ModsDataGrid,PreviewMouseLeftButtonDown,ModsDataGrid_OnPreviewMouseLeftButtonDown,MainWindow.ModGridInput.cs
MainWindow.xaml,ModsDataGrid,PreviewMouseWheel,ModsDataGrid_OnPreviewMouseWheel,MainWindow.ModGridScrolling.cs
MainWindow.xaml,ModsDataGrid,SelectionChanged,ModsDataGrid_OnSelectionChanged,MainWindow.ModGridInput.cs
MainWindow.xaml,ModsDataGrid,Sorting,ModsDataGrid_OnSorting,MainWindow.Sorting.cs
MainWindow.xaml,NameColumnMenuItem,Checked,InstalledModsColumnMenuItem_OnChecked,MainWindow.ColumnVisibility.cs
MainWindow.xaml,NameColumnMenuItem,Unchecked,InstalledModsColumnMenuItem_OnChecked,MainWindow.ColumnVisibility.cs
MainWindow.xaml,RefreshCloudModlistsButton,Click,RefreshCloudModlistsButton_OnClick,MainWindow.CloudLoad.cs
MainWindow.xaml,RestoreDataFolderMenuItem,SubmenuOpened,RestoreDataFolderMenuItem_OnSubmenuOpened,MainWindow.DataFolderBackups.cs
MainWindow.xaml,SaveCloudModlistButton,Click,SaveCloudModlistButton_OnClick,MainWindow.CloudSave.cs
MainWindow.xaml,SaveLocalModlistButton,Click,SaveLocalModlistButton_OnClick,MainWindow.LocalModlists.cs
MainWindow.xaml,SelectedModCopyForServerButton,Click,SelectedModCopyForServerButton_OnClick,MainWindow.ServerModCopy.cs
MainWindow.xaml,SelectedModDatabasePageButton,Click,ModDatabasePageButton_OnClick,MainWindow.ModBrowser.cs
MainWindow.xaml,SelectedModDeleteButton,Click,DeleteModButton_OnClick,MainWindow.ModDeletion.cs
MainWindow.xaml,SelectedModEditConfigButton,Click,EditConfigButton_OnClick,MainWindow.ModConfiguration.cs
MainWindow.xaml,SelectedModFixButton,Click,FixModButton_OnClick,MainWindow.ModDependencyRepair.cs
MainWindow.xaml,SelectedModUpdateButton,Click,UpdateModButton_OnClick,MainWindow.ModUpdateCommands.cs
MainWindow.xaml,SelectedModVersionComboBox,DropDownOpened,SelectedModVersionComboBox_OnDropDownOpened,MainWindow.ModUpdateCommands.cs
MainWindow.xaml,SelectedModVersionComboBox,SelectionChanged,SelectedModVersionComboBox_OnSelectionChanged,MainWindow.ModUpdateCommands.cs
MainWindow.xaml,SideColumnMenuItem,Checked,InstalledModsColumnMenuItem_OnChecked,MainWindow.ColumnVisibility.cs
MainWindow.xaml,SideColumnMenuItem,Unchecked,InstalledModsColumnMenuItem_OnChecked,MainWindow.ColumnVisibility.cs
MainWindow.xaml,StatusColumnMenuItem,Checked,InstalledModsColumnMenuItem_OnChecked,MainWindow.ColumnVisibility.cs
MainWindow.xaml,StatusColumnMenuItem,Unchecked,InstalledModsColumnMenuItem_OnChecked,MainWindow.ColumnVisibility.cs
MainWindow.xaml,SyncToServerMenuItem,Click,SyncToServerMenuItem_OnClick,MainWindow.ServerSync.cs
MainWindow.xaml,TagsColumnMenuItem,Checked,InstalledModsColumnMenuItem_OnChecked,MainWindow.ColumnVisibility.cs
MainWindow.xaml,TagsColumnMenuItem,Unchecked,InstalledModsColumnMenuItem_OnChecked,MainWindow.ColumnVisibility.cs
MainWindow.xaml,ui:ToggleSwitch,PreviewMouseLeftButtonDown,ActiveToggle_OnPreviewMouseLeftButtonDown,MainWindow.ModActivationInput.cs
MainWindow.xaml,ui:ToggleSwitch,PreviewMouseLeftButtonUp,ActiveToggle_OnPreviewMouseLeftButtonUp,MainWindow.ModActivationInput.cs
MainWindow.xaml,ui:ToggleSwitch,PreviewMouseMove,ActiveToggle_OnPreviewMouseMove,MainWindow.ModActivationInput.cs
MainWindow.xaml,ui:ToggleSwitch,Toggled,ActiveToggle_OnToggled,MainWindow.ModActivationInput.cs
MainWindow.xaml,UpdateAllButton,Click,UpdateAllModsMenuItem_OnClick,MainWindow.ModUpdateCommands.cs
MainWindow.xaml,UserReportsColumnMenuItem,Checked,InstalledModsColumnMenuItem_OnChecked,MainWindow.ColumnVisibility.cs
MainWindow.xaml,UserReportsColumnMenuItem,Unchecked,InstalledModsColumnMenuItem_OnChecked,MainWindow.ColumnVisibility.cs
MainWindow.xaml,VersionColumnMenuItem,Checked,InstalledModsColumnMenuItem_OnChecked,MainWindow.ColumnVisibility.cs
MainWindow.xaml,VersionColumnMenuItem,Unchecked,InstalledModsColumnMenuItem_OnChecked,MainWindow.ColumnVisibility.cs
