FileName,MemberCount,ApproximateSourceLines,ByteCount,Sha256,MemberIds
MainWindow.Appearance.cs,7,152,9670,CEAB0DD76FD11FC708B38C561CF33166032BF7885259ED5081350F1D8C81F69F,"Method|ThemeMenuItem_OnClick(object,RoutedEventArgs)|L1403;Method|EditThemeMenuItem_OnClick(object,RoutedEventArgs)|L1437;Method|UpdateThemeMenuSelection(ColorTheme,string?)|L1442;Method|GenerateSurprisePalette()|L1461;Method|GenerateRandomColor(string)|L1471;Method|RefreshCustomThemeMenuItems()|L1488;Method|ShowCustomThemeEditor()|L1538"
MainWindow.Backups.cs,18,694,32103,7327A812AF63CA93E7BC2870B988B80487516120927CB3205648D8D7E68BF248,"Method|RestoreDataFolderMenuItem_OnSubmenuOpened(object,RoutedEventArgs)|L8240;Method|RestoreDataFolderMenuItem_OnBackupClick(object,RoutedEventArgs)|L8349;Method|OpenDataBackupDirectoryMenuItem_OnClick(object?,RoutedEventArgs)|L8374;Method|ChangeBackupLocationMenuItem_OnClick(object?,RoutedEventArgs)|L8414;Method|DeleteDataFolderBackupsMenuItem_OnClick(object?,RoutedEventArgs)|L8458;Method|RestoreBackupMenuItem_OnSubmenuOpened(object,RoutedEventArgs)|L8528;Method|RestoreBackupMenuItem_OnBackupClick(object,RoutedEventArgs)|L8602;Method|RestoreBackupAsync(string,bool)|L8617;Method|RestoreDataBackupAsync(DataFolderBackupSummary)|L8653;Method|CreateDataBackupProgressReporter(string)|L8713;Method|ShowDataBackupOverlay(string)|L8725;Method|HideDataBackupOverlay()|L8732;Method|CreateAppStartedBackupAsync()|L9705;Method|CreateBackupAsync(string,string,bool,bool)|L9714;Method|CaptureConfigurationsForBackup(IReadOnlyList<ModListItemViewModel>)|L9791;Method|IsAppStartedBackup(string?)|L9847;Method|PruneAutomaticBackups(string)|L9856;Method|PruneAppStartedBackups(string)|L9887"
MainWindow.CloudAuth.cs,8,125,9350,A9223870D25F77E56944EC6F1C098E949ABED33339CF0F101951C8713489DAB7,"Method|InternetAccessManager_OnInternetAccessChanged(object?,EventArgs)|L3213;Method|EnsureCloudModlistsConsent()|L3227;Method|EnsureFirebaseAuthConsent(string)|L3240;Method|HasFirebaseAuthStateFile()|L3267;Method|EnsureUserReportVotingConsent()|L3273;Method|EnsureFirebaseAuthBackedUpIfAvailable()|L3284;Method|DeleteFirebaseAuthFiles()|L3318;Method|TryDeleteFirebaseAuthFile(string)|L3331"
MainWindow.CloudModlists.cs,26,650,31157,BB7499E9AAEB2025DCCCA44817D9A274275D6010616399BE94B86D3D86982E1D,"Method|SaveModlistToCloudAsync()|L10085;Method|NormalizeCloudVersion(string?)|L10177;Method|BuildModConfigOptions(bool)|L10182;Method|TryReadModConfigurations(IReadOnlyList<ModConfigOption>)|L10211;Method|TryGetRelativeConfigPath(string,string)|L10261;Method|NormalizeRelativeConfigPath(string?,string)|L10279;Method|EnsureUniqueRelativePath(string,HashSet<string>)|L10298;Method|GetSupportedConfigFiles(string)|L10317;Method|IsSupportedConfigExtension(string?)|L10325;Method|GetSafeConfigFileName(string?,string?)|L10336;Method|ResolveConfigExtension(string?)|L10364;Method|SanitizeForFileName(string?)|L10375;Method|SaveModlistToCloudMenuItem_OnClick(object,RoutedEventArgs)|L10387;Method|SaveCloudModlistButton_OnClick(object,RoutedEventArgs)|L10396;Method|ModifyCloudModlistsButton_OnClick(object,RoutedEventArgs)|L10402;Method|IsCloudUploaderNameAvailableAsync(FirebaseModlistStore,string)|L10408;Method|ExecuteCloudOperationAsync(Func<FirebaseModlistStore, Task>,string)|L11456;Method|MigrateLegacyFirebaseDataIfNeededAsync()|L11525;Method|EnsureCloudStoreInitializedAsync()|L11557;Method|PromptForCloudSaveReplacement(IReadOnlyList<CloudModlistSlot>)|L11589;Method|ShowCloudModlistManagementDialogAsync(FirebaseModlistStore)|L11604;Method|BuildCloudModlistManagementEntriesAsync(FirebaseModlistStore)|L11627;Method|RenameCloudModlistAsync(FirebaseModlistStore,CloudModlistManagementEntry,string)|L11648;Method|DeleteCloudModlistAsync(FirebaseModlistStore,CloudModlistManagementEntry)|L11719;Method|DeleteAllCloudModlistsAndAuthorizationAsync(FirebaseModlistStore,bool)|L11751;Method|UpdateCloudModlistsAfterChangeAsync()|L11778"
MainWindow.ColumnVisibility.cs,8,86,7599,C09822776C56BF65544B147958A9DB4016CFBAAC27325B6F55AB3693DD394077,"Method|ReportStatus(string,bool)|L502;Method|InitializeColumnVisibilityMenu()|L511;Method|RegisterColumnMenuItem(MenuItem?,InstalledModsColumn)|L525;Method|InstalledModsColumnMenuItem_OnChecked(object,RoutedEventArgs)|L539;Method|ApplyInstalledColumnVisibility(InstalledModsColumn,bool)|L549;Method|NotifyViewModelOfInstalledColumnVisibility(InstalledModsColumn,bool)|L571;Method|ApplyColumnVisibilityPreferencesToViewModel()|L576;Nested enum|InstalledModsColumn|L14325"
MainWindow.Compatibility.cs,11,373,18485,B15AE88AA476AD9F7BE55BBFA3B0DAC218742E2882E04516B4163DF135F1BE96,"Method|CheckModsCompatibilityMenuItem_OnClick(object,RoutedEventArgs)|L5824;Method|EvaluateCompatibility(ModListItemViewModel,string,string,bool)|L5930;Method|ReleaseSupportsVersion(ModReleaseInfo,string,bool)|L6007;Method|ModsMenuItem_OnSubmenuOpened(object,RoutedEventArgs)|L6021;Method|ExperimentalCompReviewMenuItem_OnClick(object,RoutedEventArgs)|L6819;Method|BuildExperimentalCompReviewMessage(ModCompatibilityCommentsService.ExperimentalCompReviewResult)|L6881;Method|FormatExperimentalCompReviewScore(double)|L6903;Method|DeleteCloudAuthMenuItem_OnClick(object,RoutedEventArgs)|L6909;Method|ResolveExperimentalCompReviewIdentifier(ModListItemViewModel)|L6928;Method|TryExtractModSlug(string?)|L6938;Nested struct|CompatibilityEvaluation|L14343"
MainWindow.Core.cs,114,319,19296,EFE7FA6344BC169E7DA160DA57FC5DB45D240F7A16DB5AB22502B258AF6B239C,"Field|SummaryKeyPatchModPrefix|L85;Field|SummaryKeyLinePrefix|L86;Field|MaxDataBackupsMenuItems|L87;Field|WindowPositionScreenMargin|L88;Field|DiscordInviteUrl|L111;Field|ManagerModDatabaseUrl|L112;Field|ManagerModDatabaseModId|L113;Field|ModDatabaseUnavailableMessage|L114;Field|ModListScrollMultiplier|L117;Field|ModDbDesignScrollMultiplier|L118;Field|LoadMoreScrollThreshold|L119;Field|HoverOverlayOpacity|L120;Field|SelectionOverlayOpacity|L121;Field|ModInfoPanelHorizontalOverhang|L124;Field|DefaultModInfoPanelLeft|L125;Field|DefaultModInfoPanelTop|L126;Field|DefaultModInfoPanelRightMargin|L127;Field|PresetDirectoryName|L130;Field|ModListDirectoryName|L131;Field|CloudModListCacheDirectoryName|L132;Field|RebuiltModListDirectoryName|L133;Field|AutomaticConfigMaxWordDistance|L134;Field|ConnectivityTestHttpClient|L136;Field|ExperimentalModDebugLogPrefixes|L141;Field|ExperimentalModDebugLogExtensions|L149;Field|ExperimentalModDebugIgnoredLinePhrases|L155;Field|SupportedConfigExtensions|L165;Field|SummarizableLinePrefixes|L173;Field|_isQuestPdfLicenseInitialized|L185;Field|PatchAssetMissingRegex|L187;Field|StandardPresetLoadOptions|L191;Field|ModListLoadOptions|L192;Field|BoundModProperty|L198;Field|BoundModHandlerProperty|L204;Field|RowIsHoveredProperty|L210;Field|IsDataBackupInProgressProperty|L216;Field|DataBackupProgressProperty|L223;Field|DataBackupStatusMessageProperty|L230;Field|IsModlistInstallInProgressProperty|L237;Field|ModlistInstallProgressProperty|L244;Field|ModlistInstallStatusMessageProperty|L251;Field|ModlistDownloadSpeedProperty|L258;Field|HasModlistDownloadSpeedProperty|L265;Property|IsDataBackupInProgress|L272;Property|DataBackupProgress|L278;Property|DataBackupStatusMessage|L284;Property|IsModlistInstallInProgress|L290;Property|ModlistInstallProgress|L296;Property|ModlistInstallStatusMessage|L302;Property|ModlistDownloadSpeed|L308;Property|HasModlistDownloadSpeed|L314;Field|_backupSemaphore|L325;Field|_cloudStoreLock|L326;Field|_developerProfileMenuItems|L329;Field|_gameProfileMenuItems|L330;Field|_installedColumnVisibilityPreferences|L331;Field|_modCompatibilityCommentsService|L334;Field|_modDatabaseService|L335;Field|_modUpdateService|L336;Field|_dataBackupService|L337;Field|_modActivityLoggingService|L338;Field|_userConfiguration|L339;Field|_serverTargetService|L340;Field|_syncEngine|L341;Field|_traceListener|L342;Field|_selectedModPropertyHandlers|L345;Field|_selectedMods|L346;Field|_selectedLocalModlists|L347;Field|_selectedCloudModlist|L348;Field|_selectionAnchor|L349;Field|_cloudModlistsLoaded|L352;Field|_firebaseMigrationAttempted|L353;Field|_cloudModlistStore|L354;Field|_currentModsView|L357;Field|_modsScrollViewer|L358;Field|_modsScrollViewerSource|L359;Field|_modsCollection|L360;Field|_customShortcutPath|L363;Field|_dataDirectory|L364;Field|_gameDirectory|L365;Field|_gameSessionMonitor|L368;Field|_modsWatcherTimer|L369;Field|_modUsagePromptData|L370;Field|_votesCacheWatcher|L371;Field|_hasAppliedInitialModInfoPanelPosition|L374;Field|_isApplyingMultiToggle|L375;Field|_isApplyingPreset|L376;Field|_isAutomaticRefreshRunning|L377;Field|_isCloudModlistRefreshInProgress|L378;Field|_isDependencyResolutionRefreshPending|L379;Field|_isDraggingModInfoPanel|L380;Field|_isInitializing|L381;Field|_isUpdatingModlistsTabSelection|L382;Field|_isUpdatingMiddleTabSelection|L383;Field|_isModUpdateInProgress|L384;Field|_isModUsageDialogOpen|L385;Field|_isRefreshingAfterModlistLoad|L386;Field|_isWindowActive|L387;Field|_refreshAfterModlistLoadPending|L388;Field|_localModlistsLoaded|L389;Field|_suppressSortPreferenceSave|L390;Field|_isModBrowserWatcherSubscribed|L391;Field|_modInfoDragOffset|L394;Field|_recentLocalModBackupDirectory|L397;Field|_recentLocalModBackupModNames|L398;Field|_modlistInstallCompletedSteps|L399;Field|_modlistInstallTotalSteps|L400;Field|_viewModel|L403;Field|_modBrowserViewModel|L404;Field|_customThemeMenuItems|L405;Constructor|MainWindow()|L411;Property|RefreshModsUiCommand|L500;Nested record|InstalledModLogIdentifier|L14304;Delegate|PathValidator(string?,out string?,out string?)|L14341"
MainWindow.Debugging.cs,19,567,26729,DC8A66259824107F6EC298D45DE7F0FD2D4724AAC08550FC04D419844768404E,"Method|CacheAllVersionsMenuItem_OnClick(object,RoutedEventArgs)|L1978;Method|RequireExactVsVersionMenuItem_OnClick(object,RoutedEventArgs)|L1986;Method|ExperimentalModDebuggingMenuItem_OnClick(object,RoutedEventArgs)|L1994;Method|ExperimentalAllModsDebuggingMenuItem_OnClick(object,RoutedEventArgs)|L2062;Method|CollectExperimentalModDebugLines(string,string)|L2157;Method|CollectInstalledModDebugLines(string,IReadOnlyList<InstalledModLogIdentifier>)|L2167;Method|GetExperimentalModDebugFilePaths(string)|L2180;Method|AppendExperimentalModDebugLines(List<ExperimentalModDebugLogLine>,string,string)|L2213;Method|AppendInstalledModDebugLines(List<ExperimentalModDebugLogLine>,string,IReadOnlyList<InstalledModLogIdentifier>)|L2241;Method|AppendExperimentalModDebugFileSection(List<ExperimentalModDebugLogLine>,string,List<string>)|L2274;Method|AppendExperimentalModDebugFileSectionWithModId(List<ExperimentalModDebugLogLine>,string,string,List<(string Line, int LineNumber)>,string)|L2288;Method|AppendExperimentalModDebugFileSectionWithMods(List<ExperimentalModDebugLogLine>,string,string,List<(string Line, string ModName, int LineNumber)>)|L2306;Method|ShouldIgnoreExperimentalModDebugLine(string)|L2323;Method|SummarizePatchMissingLines(List<string>)|L2332;Method|SummarizePatchMissingLinesWithLineNumbers(List<(string Line, int LineNumber)>)|L2388;Method|AddOrIncrementSummary(List<string>,Dictionary<string, (int Index, int HiddenCount)>,string,string)|L2448;Method|AddOrIncrementSummaryWithLineNumber(List<(string Line, int LineNumber)>,Dictionary<string, (int Index, int HiddenCount)>,string,int,string)|L2465;Method|SummarizePatchMissingLinesWithModAndLineNumbers(List<(string Line, string ModName, int LineNumber)>)|L2483;Method|AddOrIncrementSummaryWithModAndLineNumber(List<(string Line, string ModName, int LineNumber)>,Dictionary<string, (int Index, int HiddenCount)>,string,string,int,string)|L2545"
MainWindow.GameLaunch.cs,3,196,11150,2E5335512F0FC500481D0F669C202CB9732C5DB834E098ADEE8D0516EB78E81E,"Method|TryEnsureDataBackupBeforeLaunchAsync()|L8041;Method|LaunchGameButton_OnClick(object,RoutedEventArgs)|L8082;Method|SetCustomShortcutMenuItem_OnClick(object,RoutedEventArgs)|L8164"
MainWindow.Help.cs,7,195,10870,EAFEDE0AC0B4224844F5D90C415CC0CA4B9C4A2A41625E9640EFDE122B482372,"Method|HelpMenuItem_OnClick(object,RoutedEventArgs)|L6617;Method|GuideMenuItem_OnClick(object,RoutedEventArgs)|L6630;Method|ScanForModConfigsMenuItem_OnClick(object,RoutedEventArgs)|L6644;Method|ManagerUpdateLink_OnRequestNavigate(object,RequestNavigateEventArgs)|L6741;Method|DiscordButton_OnClick(object,RoutedEventArgs)|L6747;Method|ModUsagePromptLink_OnClick(object,RoutedEventArgs)|L6782;Method|OpenManagerModDatabasePage()|L6789"
MainWindow.Identity.cs,7,71,6215,22AABE9D97BB2FBEF6B89CF719E14E7127071EAB0E01E00F51EEC480E1CBB828,"Method|SaveWindowDimensions()|L1654;Method|SetUsernameDisplay(string?)|L1666;Method|ResolveUploaderName(string?)|L1673;Method|ApplyPlayerIdentityToUiAndCloudStore()|L1701;Method|ApplyPlayerIdentityToCloudStore(FirebaseModlistStore?)|L1708;Method|SaveUploaderName()|L1715;Method|EnableServerOptionsMenuItem_OnClick(object,RoutedEventArgs)|L1723"
MainWindow.Logging.cs,9,86,7388,A642C52E076D34563713890A7D1E38CF8A66BAA569F5365A6D9240C6C4788224,"Method|UseFasterThumbnailsMenuItem_OnClick(object,RoutedEventArgs)|L1732;Method|DisableHoverEffectsMenuItem_OnClick(object,RoutedEventArgs)|L1740;Method|LogModUpdateMenuItem_OnClick(object,RoutedEventArgs)|L1753;Method|LogModInstallMenuItem_OnClick(object,RoutedEventArgs)|L1761;Method|LogModDeletionMenuItem_OnClick(object,RoutedEventArgs)|L1769;Method|LogAppLifecycleMenuItem_OnClick(object,RoutedEventArgs)|L1777;Method|LogErrorsAndExceptionsMenuItem_OnClick(object,RoutedEventArgs)|L1785;Method|InitializeTraceListener()|L1794;Method|UpdateLoggingMenuState()|L1813"
MainWindow.ManagerData.cs,27,975,42463,74CE9BAD5039706D25C3D039CD4BE31E4035BD97713743D66275AB5FCA2F9C33,"Method|DeleteCachedModsMenuItem_OnClick(object,RoutedEventArgs)|L6026;Method|ManagerDataFolderMenuItem_OnClick(object,RoutedEventArgs)|L6268;Method|ManagerModDbPageMenuItem_OnClick(object,RoutedEventArgs)|L6298;Method|ChangeManagerFolderMenuItem_OnClick(object,RoutedEventArgs)|L6303;Method|MoveDirectoryContents(string,string)|L6426;Method|HandleResetManagerFolder(string)|L6490;Method|RestartApplication()|L6586;Method|ClearAllCachesMenuItem_OnClick(object,RoutedEventArgs)|L6973;Method|RestoreFirebaseAuthBackupMenuItem_OnClick(object,RoutedEventArgs)|L7090;Method|DeleteAllManagerFilesMenuItem_OnClick(object,RoutedEventArgs)|L7168;Method|SwitchToInstalledModsTab()|L7241;Method|PrepareForModlistLoad()|L7247;Method|UpdateModlistLoadingUiState()|L7254;Method|RefreshDeleteCachedModsMenuHeaderAsync()|L7274;Method|CalculateDirectorySize(string)|L7294;Method|GetCachedModsDirectory()|L7355;Method|GetManagerDataDirectory()|L7360;Method|DeleteAllManagerFiles(string?)|L7365;Method|AddCandidateDirectory(ISet<string>,string?)|L7429;Method|AddCandidateFile(ISet<string>,string?)|L7437;Method|TryCombineSpecialFolder(Environment.SpecialFolder,string)|L7445;Method|TryGetSpecialFolderPath(Environment.SpecialFolder)|L7461;Method|TryNormalizePath(string?)|L7477;Method|RefreshModsWithErrorHandlingAsync()|L7492;Method|ClearManagerCaches(bool)|L7518;Method|ClearCachedModsDirectory(string)|L7546;Method|BuildCacheClearErrorMessage(string,Exception)|L7553"
MainWindow.ModBrowser.cs,13,374,19259,5C4EB42D10CD925DDDB793A09F558E25AFB3C7C69EA0C6F8AC493FDC0B1C95ED,"Method|InitializeViewModel()|L2568;Method|InitializeModBrowserView()|L2595;Method|InitializeVotesCacheWatcher()|L2622;Method|OnVotesCacheChanged(object?,EventArgs)|L2638;Method|SubscribeModBrowserToDirectoryWatcher()|L2659;Method|UnsubscribeModBrowserFromDirectoryWatcher()|L2667;Method|ModsWatcherOnChangesDetected(object?,EventArgs)|L2675;Method|SyncInstalledModsToModBrowser()|L2693;Method|AddModToInstalledAndRemoveFromSearch(int)|L2716;Method|InstallModFromBrowserAsync(DownloadableMod)|L2736;Method|ConvertToModListItemViewModel(DownloadableMod)|L2848;Method|ConvertToModReleaseInfo(DownloadableModRelease)|L2920;Method|OnUserReportVoteSubmitted(object?,ModUserReportChangedEventArgs)|L2946"
MainWindow.ModConfiguration.cs,11,379,17932,47A13E8B751E1BA447BADA31E160A8548B4A1B2DA584420F9ED58CDB423FB692,"Method|ScanForModConfigFilesAsync(MainViewModel)|L3748;Method|ScanForModConfigFilesAsync(MainViewModel,IReadOnlyCollection<string>?)|L3754;Method|ScanForModConfigFilesAsync(MainViewModel,IReadOnlyList<ModListItemViewModel>)|L3790;Method|FindConfigMatches(IReadOnlyList<(string ModId, string DisplayName)>,IReadOnlyList<string>)|L3868;Method|TryCalculateMatchScore(IReadOnlyList<string>,IReadOnlyList<string>,out int)|L3945;Method|CalculateBestDistance(string,string,int)|L3978;Method|CalculateLevenshteinDistance(ReadOnlySpan<char>,ReadOnlySpan<char>,int)|L3988;Method|BuildModSearchTokenSets(string?,string?)|L4027;Method|AreTokenListsEqual(IReadOnlyList<string>,IReadOnlyList<string>)|L4064;Method|BuildSearchTokens(string,bool)|L4075;Method|ExtractWords(string)|L4089"
MainWindow.ModGrid.cs,64,980,41337,C041702550BE18126D33CA94F7DD6D7810684BA154C390A30CAAF2FFA442FFA5,"Method|ModsDataGrid_OnSorting(object,DataGridSortingEventArgs)|L4614;Method|ModsDataGrid_OnSelectionChanged(object,SelectionChangedEventArgs)|L4634;Method|ModsDataGrid_OnPreviewKeyDown(object,KeyEventArgs)|L4648;Method|MainWindow_OnPreviewKeyDown(object,KeyEventArgs)|L4653;Method|UserReportsButton_OnClick(object,RoutedEventArgs)|L4658;Method|TryHandleModListKeyDownAsync(KeyEventArgs)|L4724;Method|ModsDataGrid_OnPreviewMouseLeftButtonDown(object,MouseButtonEventArgs)|L4757;Method|ModsDataGridRow_OnPreviewMouseLeftButtonDown(object,MouseButtonEventArgs)|L4781;Method|ModDatabaseCard_OnPreviewMouseLeftButtonDown(object,MouseButtonEventArgs)|L4798;Method|ModsDataGridRow_OnLoaded(object,RoutedEventArgs)|L4815;Method|ModsDataGridRow_OnDataContextChanged(object,DependencyPropertyChangedEventArgs)|L4830;Method|ModsDataGridRow_OnUnloaded(object,RoutedEventArgs)|L4841;Method|ModsDataGridRow_OnMouseEnter(object,MouseEventArgs)|L4853;Method|ModsDataGridRow_OnMouseLeave(object,MouseEventArgs)|L4865;Method|ResetRowOverlays(DataGridRow)|L4877;Method|AreHoverOverlaysSuppressed()|L4915;Method|AreHoverOverlaysSuppressed(DataGridRow)|L4920;Method|AreHoverEffectsDisabled(DependencyObject)|L4925;Method|ClearRowOverlayValues(DataGridRow)|L4930;Method|RefreshHoverOverlayState()|L4942;Method|RefreshRowHoverOverlays(DataGrid?)|L4948;Method|UpdateRowModSubscription(DataGridRow,ModListItemViewModel?)|L4958;Method|SetBoundMod(DataGridRow,ModListItemViewModel?)|L4990;Method|GetBoundMod(DataGridRow)|L4995;Method|SetBoundModHandler(DataGridRow,PropertyChangedEventHandler?)|L5000;Method|GetBoundModHandler(DataGridRow)|L5005;Method|SetRowIsHovered(DataGridRow,bool)|L5010;Method|GetRowIsHovered(DataGridRow)|L5015;Method|ModDatabasePageButton_OnClick(object,RoutedEventArgs)|L5020;Method|LatestVersionTextBlock_OnToolTipOpening(object,ToolTipEventArgs)|L13259;Method|LatestVersionTextBlock_OnToolTipClosing(object,ToolTipEventArgs)|L13269;Method|ChangelogToolTip_OnPreviewMouseWheel(object,MouseWheelEventArgs)|L13278;Method|ModsDataGrid_OnPreviewMouseWheel(object,MouseWheelEventArgs)|L13295;Method|IsDescendantOfToolTip(DependencyObject?)|L13320;Method|GetParent(DependencyObject)|L13332;Method|FindAncestor<T>(DependencyObject?)|L13348;Method|GetCurrentScrollMultiplier()|L13361;Method|ShouldPreserveModsViewState(ICollectionView?,ICollectionView?)|L13366;Method|AttachToModsView(ICollectionView?,bool)|L13381;Method|ModsView_OnCollectionChanged(object?,NotifyCollectionChangedEventArgs)|L13414;Method|HandleModRowSelection(ModListItemViewModel)|L13428;Method|SelectAllModsInCurrentView()|L13473;Method|ApplyRangeSelection(ModListItemViewModel,ModListItemViewModel,bool)|L13487;Method|GetModsInViewOrder()|L13510;Method|AddToSelection(ModListItemViewModel)|L13518;Method|RemoveFromSelection(ModListItemViewModel)|L13528;Method|ClearSelection(bool)|L13537;Method|ClearModDatabaseSelections()|L13555;Method|RestoreSelectionFromSourcePaths(IReadOnlyList<string>,string?)|L13580;Method|UpdateSelectionAnchorAfterRestore(IReadOnlyList<ModListItemViewModel>,string?)|L13627;Method|SubscribeToSelectedMod(ModListItemViewModel)|L13647;Method|UnsubscribeFromSelectedMod(ModListItemViewModel)|L13681;Method|RefreshSelectedModFixButton(ModListItemViewModel)|L13690;Method|RefreshSelectedModCopyForServerButton(ModListItemViewModel)|L13696;Method|UpdateSelectedModButtons()|L13703;Method|UpdateServerOptionsState(bool)|L13738;Method|UpdateSelectedModFixButton(ModListItemViewModel?)|L13753;Method|UpdateSelectedModCopyForServerButton(ModListItemViewModel?)|L13770;Method|UpdateSelectedModButton(WpfButton?,ModListItemViewModel?,bool,bool)|L13796;Method|UpdateSelectedModEditConfigButton(ModListItemViewModel?)|L13816;Method|ShouldIgnoreRowSelection(DependencyObject?)|L13839;Method|GetModsScrollViewer()|L13855;Method|ClearScrollViewerCache()|L13869;Method|FindDescendantScrollViewer(DependencyObject?)|L13875"
MainWindow.ModInfoPanel.cs,12,153,9533,860E36E147C90DB58851EF22C79D377077E8F3A2C2B77BD80F01376C120751A3,"Method|RootGrid_OnSizeChanged(object,SizeChangedEventArgs)|L1152;Method|ModInfoBorder_OnMouseLeftButtonDown(object,MouseButtonEventArgs)|L1163;Method|ModInfoBorder_OnMouseMove(object,MouseEventArgs)|L1175;Method|ModInfoBorder_OnMouseLeftButtonUp(object,MouseButtonEventArgs)|L1187;Method|ModInfoBorder_OnLostMouseCapture(object,MouseEventArgs)|L1197;Method|ApplyStoredModInfoPanelPosition()|L1205;Method|EnsureModInfoPanelWithinBounds(bool)|L1217;Method|SetModInfoPanelPosition(double,double,bool)|L1231;Method|ComputeDefaultModInfoPanelLeft()|L1262;Method|GetModInfoPanelWidth()|L1286;Method|GetModInfoPanelHeight()|L1296;Method|IsModInfoDragInitiationBlocked(DependencyObject?)|L1306"
MainWindow.Modlists.cs,40,1265,55490,C691093CDEA5FC7CC4EFCE299B535B312138501C8796C727B59C89F37D8BD800,"Method|SavePresetMenuItem_OnClick(object,RoutedEventArgs)|L9417;Method|TrySaveModlist()|L9437;Method|TrySaveModlist(Func<string?>?,out string?)|L9442;Method|TrySaveAutomaticModlist(string,out string,out string)|L9542;Method|PromptModlistLoadMode()|L9582;Method|GetModlistLoadOptions(ModlistLoadMode)|L9618;Method|EnsureModlistBackupBeforeLoad()|L9625;Method|TryBuildCurrentModlistJson(string,string?,string?,string,IReadOnlyDictionary<string, IReadOnlyList<ModConfigurationSnapshot>>?,string?,out string)|L9666;Method|CreateAutomaticBackupAsync(string)|L9696;Method|LocalModlistsDataGrid_OnSelectionChanged(object,SelectionChangedEventArgs)|L10431;Method|SaveLocalModlistButton_OnClick(object,RoutedEventArgs)|L10446;Method|InstallLocalModlistButton_OnClick(object,RoutedEventArgs)|L10460;Method|OpenModlistsFolderButton_OnClick(object,RoutedEventArgs)|L10480;Method|DeleteLocalModlistsButton_OnClick(object,RoutedEventArgs)|L10499;Method|ModifyLocalModlistButton_OnClick(object,RoutedEventArgs)|L10567;Method|RefreshCloudModlistsButton_OnClick(object,RoutedEventArgs)|L10653;Method|CloudModlistsDataGrid_OnSelectionChanged(object,SelectionChangedEventArgs)|L10658;Method|InstallCloudModlistButton_OnClick(object,RoutedEventArgs)|L10666;Method|LoadModlistFromCloudMenuItem_OnClick(object,RoutedEventArgs)|L10740;Method|DeleteCloudModlistMenuItem_OnClick(object,RoutedEventArgs)|L10812;Method|ReplaceCloudModlistName(string,string)|L11786;Method|GetCloudModlistSlotsAsync(FirebaseModlistStore,bool,bool)|L11817;Method|RefreshLocalModlists(bool,IReadOnlyCollection<string>?)|L11855;Method|BuildLocalModlistEntries(out List<string>)|L11920;Method|TryCreateLocalModlistEntry(string,out LocalModlistListEntry?,out string?)|L11954;Method|TryCreateLocalModlistEntryFromJson(string,string,out LocalModlistListEntry?,out string?)|L12030;Method|RefreshCloudModlistsAsync(bool)|L12066;Method|BuildCloudModlistEntries(IEnumerable<CloudModlistRegistryEntry>)|L12098;Method|EnsureCloudModlistContentAsync(CloudModlistListEntry)|L12142;Method|SetLocalModlistSelection(IReadOnlyList<LocalModlistListEntry>)|L12185;Method|SetCloudModlistSelection(CloudModlistListEntry?)|L12213;Method|UpdateCloudModlistControlsEnabledState()|L12225;Method|UpdateLocalModlistControlsEnabledState()|L12243;Method|RefreshManagerUpdateLinkAsync()|L12258;Method|GetManagerInformationalVersion()|L12297;Method|BuildCloudSlotDisplay(string,ModlistMetadata,bool)|L12323;Method|FormatCloudSlotLabel(string)|L12333;Method|ExtractModlistName(string?)|L12343;Nested record|ManagerDeletionResult|L14302;Nested class|ModlistMetadata|L14371"
MainWindow.ModOperations.cs,21,826,37023,9E7DDFBC32F9029918B4B1CDD1BEC2D673AC8DCFC843075AB401B10B4A67ED7B,"Method|SelectedModCopyForServerButton_OnClick(object,RoutedEventArgs)|L5030;Method|EditConfigButton_OnClick(object,RoutedEventArgs)|L5057;Method|DeleteModButton_OnClick(object,RoutedEventArgs)|L5144;Method|CloseModInfoButton_OnClick(object,RoutedEventArgs)|L5161;Method|DeleteSelectedModsAsync()|L5167;Method|DeleteSingleModAsync(ModListItemViewModel)|L5181;Method|DeleteMultipleModsAsync(IReadOnlyList<ModListItemViewModel>)|L5222;Method|TryDeleteModAtPath(ModListItemViewModel,string)|L5295;Method|FixModButton_OnClick(object,RoutedEventArgs)|L5335;Method|InstallModButton_OnClick(object,RoutedEventArgs)|L5455;Method|InstallOrUpdateDependencyAsync(ModDependencyInfo,ModListItemViewModel?)|L5559;Method|SelectReleaseForDependency(ModDependencyInfo,ModDatabaseInfo)|L5657;Method|SelectReleaseForInstall(ModListItemViewModel)|L5698;Method|UpdateModButton_OnClick(object,RoutedEventArgs)|L5707;Method|SelectedModVersionComboBox_OnSelectionChanged(object,SelectionChangedEventArgs)|L5725;Method|SelectedModVersionComboBox_OnDropDownOpened(object,EventArgs)|L5751;Method|UpdateAllModsMenuItem_OnClick(object,RoutedEventArgs)|L5773;Method|ActiveToggle_OnPreviewMouseLeftButtonDown(object,MouseButtonEventArgs)|L14211;Method|ActiveToggle_OnPreviewMouseLeftButtonUp(object,MouseButtonEventArgs)|L14223;Method|ActiveToggle_OnPreviewMouseMove(object,MouseEventArgs)|L14228;Method|ActiveToggle_OnToggled(object,RoutedEventArgs)|L14235"
MainWindow.ModUsage.cs,5,284,14404,79EB51CA06F4F77748E7A185BFE0B8C284329C061AE9FEA3667901EC907F7CC0,Method|TryShowModUsagePromptAsync()|L818;Method|PrepareModUsagePromptData()|L865;Method|UpdateModUsagePromptIndicator(bool)|L955;Method|ShowModUsagePromptDialogAsync()|L962;Nested class|ModUsagePromptData|L14306
MainWindow.Navigation.cs,7,155,9823,A4E8C888B3E8208400EF6EA31382CEBE69B1D6F46B09614AACA8EBE185381958,"Method|HandleModlistsVisibilityChanged(bool)|L3051;Method|MiddleTabControl_OnSelectionChanged(object,SelectionChangedEventArgs)|L3075;Method|UpdateModBrowserTabVisibilityState(bool)|L3115;Method|SyncMiddleTabControlToViewModel()|L3131;Method|ModlistsTabControl_OnSelectionChanged(object,SelectionChangedEventArgs)|L3159;Method|ModlistsTabControl_OnLoaded(object,RoutedEventArgs)|L3196;Method|ApplyPreferredModlistsTabSelection()|L3201"
MainWindow.Paths.cs,44,955,43118,801220BC27D3C11489191F778992611477FBE36ADA9A2E8C152EB29AF394E5AA,"Method|RefreshModDetailsOnly()|L4209;Method|TryInitializePaths()|L4217;Method|TryResolveDataDirectory()|L4234;Method|TryResolveGameDirectory()|L4273;Method|TryResolveCustomShortcut()|L4315;Method|HandleViewModelInitializationFailure(Exception)|L4340;Method|ReloadViewModelAsync()|L4358;Method|PromptForDirectory(string,string?,PathValidator,bool)|L4422;Method|PromptForConfigFile(ModListItemViewModel,string?)|L4464;Method|GetInitialConfigDirectory(string?)|L4495;Method|TryValidateDataDirectory(string?,out string?,out string?)|L4519;Method|TryValidateGameDirectory(string?,out string?,out string?)|L4559;Method|OpenModFolderButton_OnClick(object,RoutedEventArgs)|L8839;Method|OpenConfigFolderButton_OnClick(object,RoutedEventArgs)|L8844;Method|OpenLogsFolderButton_OnClick(object,RoutedEventArgs)|L8849;Method|OpenFolder(string?,string)|L8854;Method|OpenFolderWithShell(string)|L8889;Method|TryGetManagedModPath(ModListItemViewModel,out string,out string?)|L8910;Method|TryGetDependencyInstallTargetPath(string,ModReleaseInfo,out string,out string?)|L8950;Method|TryGetInstallTargetPath(ModListItemViewModel,ModReleaseInfo,out string,out string?)|L8991;Method|TryGetUpdateTargetPath(ModListItemViewModel,ModReleaseInfo,string,out string,out string?)|L9032;Method|IsPathWithinManagedMods(string)|L9079;Method|IsPathUnderDirectory(string,string?)|L9088;Method|IsSameDirectory(string?,string?)|L9114;Method|SanitizeFileName(string?,string)|L9131;Method|EnsureUniqueFilePath(string)|L9143;Method|TryEnsureManagedModTargetIsSafe(string,out string?)|L9164;Method|ExtractModlistMetadata(string?)|L12348;Method|TryGetTrimmedProperty(JsonElement,string)|L12390;Method|EnsurePresetDirectory()|L12402;Method|EnsureBackupDirectory()|L12410;Method|EnsureLocalModBackupRootDirectory()|L12419;Method|CreateLocalModBackupSessionDirectory()|L12427;Method|EnsureUniqueDirectoryPath(string)|L12438;Method|CopyDirectoryContents(string,string)|L12453;Method|GetLocalModBackupEntryDirectory(string,ModListItemViewModel)|L12475;Method|BackupLocalModAtPath(string,string)|L12484;Method|EnsureModListDirectory()|L12502;Method|EnsureRebuiltModListDirectory()|L12510;Method|EnsureCloudModListCacheDirectory()|L12518;Method|IsPathWithinDirectory(string,string)|L12526;Method|BuildSuggestedFileName(string?,string)|L12541;Method|GetUniqueFilePath(string,string,string)|L12553;Method|GetSnapshotNameFromFilePath(string,string)|L12570"
MainWindow.Pdf.cs,9,345,18512,C5232CED4CA1CAC430238A8D0FFBD216396F11F5585588F7B5E57617EF59F459,"Method|SaveInstalledModsPdfMenuItem_OnClick(object,RoutedEventArgs)|L6081;Method|TrySaveInstalledModsPdf(string,string?,string?,string,IReadOnlyDictionary<string, IReadOnlyList<ModConfigurationSnapshot>>?,string?,IReadOnlyList<ModListItemViewModel>?)|L6141;Method|BuildCloudModlistName()|L9918;Method|EnsureQuestPdfLicense()|L9923;Method|GetLines(string)|L9931;Method|GenerateInstalledModsPdf(string,string,string?,string?,string,string?,IReadOnlyList<ModListItemViewModel>,SerializablePreset,SerializableConfigList?)|L9939;Method|GetUploaderNameForPdf()|L10053;Method|DetermineUploaderName(FirebaseModlistStore)|L10067;Method|SaveModlistMenuItem_OnClick(object,RoutedEventArgs)|L10074"
MainWindow.Presets.cs,31,1465,66422,3CE171FC91C3C74892C607DE1925510E06C04DFD03441EF8F11E574B40F718C2,"Method|TrySaveSnapshot(string,string,string,string,string,Func<string?>?,Action<string>?,string,bool,bool,IReadOnlyDictionary<string, IReadOnlyList<ModConfigurationSnapshot>>?,Action<SerializablePreset>?)|L9209;Method|BuildSerializablePreset(string,bool,bool,IReadOnlyDictionary<string, IReadOnlyList<ModConfigurationSnapshot>>?,string?)|L9290;Method|ResolveGameVersion(string?)|L9355;Method|BuildSerializableConfigList(IReadOnlyDictionary<string, IReadOnlyList<ModConfigurationSnapshot>>?)|L9363;Method|LoadPresetMenuItem_OnSubmenuOpened(object,RoutedEventArgs)|L10856;Method|LoadPresetMenuItem_OnClick(object,RoutedEventArgs)|L10926;Method|LoadPresetMenuItem_OnPresetClick(object,RoutedEventArgs)|L10957;Method|LoadPresetFromFileAsync(string)|L10964;Method|LoadModlistMenuItem_OnClick(object,RoutedEventArgs)|L10996;Method|LoadModlistFromFileAsync(string)|L11017;Method|MainWindow_OnPreviewDragEnter(object,DragEventArgs)|L11062;Method|MainWindow_OnPreviewDragOver(object,DragEventArgs)|L11067;Method|MainWindow_OnPreviewDrop(object,DragEventArgs)|L11072;Method|HandleModlistDragEvent(DragEventArgs)|L11087;Method|TryGetDroppedModlistFile(DragEventArgs,out string?)|L11100;Method|HasSupportedModlistExtension(string)|L11118;Method|TryLoadPresetFromFile(string,string,PresetLoadOptions,out ModPreset?,out string?)|L11125;Method|TryLoadPresetFromPdf(string,string,PresetLoadOptions,out ModPreset?,out string?)|L11162;Method|TryLoadPresetFromJson(string,string,PresetLoadOptions,out ModPreset?,out string?,string?,string?)|L11261;Method|TryBuildPresetFromSerializable(SerializablePreset,string,PresetLoadOptions,out ModPreset?,out string?,string?)|L11301;Method|ApplyConfigListToPreset(SerializablePreset,SerializableConfigList?)|L11417;Method|BuildConfigKey(SerializableModConfiguration)|L11438;Method|ApplyPresetAsync(ModPreset,bool)|L12576;Method|ImportPresetConfigsAsync(ModPreset)|L12618;Method|ApplyPresetModVersionsAsync(ModPreset)|L12806;Method|TryInstallPresetModAsync(ModPresetModState,IProgress<ModUpdateProgress>?)|L13041;Method|ApplyExclusivePresetAsync(ModPreset)|L13110;Method|VersionsMatch(string?,string?)|L13239;Nested record|PresetLoadOptions|L14294;Nested enum|ModlistLoadMode|L14296;Nested record|PresetModInstallResult|L14399"
MainWindow.Profiles.cs,16,347,17510,A13C6FEF5711564520498E2787683F76FD748E747452CB24BA218D3BCEDDE205,"Method|OnActiveGameProfileChangedAsync()|L7572;Method|GameProfilesMenuItem_OnSubmenuOpened(object,RoutedEventArgs)|L7582;Method|CreateGameProfileMenuItem_OnClick(object,RoutedEventArgs)|L7588;Method|EditGameProfileMenuItem_OnClick(object,RoutedEventArgs)|L7640;Method|DeleteGameProfileMenuItem_OnClick(object,RoutedEventArgs)|L7672;Method|GameProfileMenuItem_OnClick(object,RoutedEventArgs)|L7700;Method|SelectDataFolderMenuItem_OnClick(object,RoutedEventArgs)|L7716;Method|SelectGameFolderMenuItem_OnClick(object,RoutedEventArgs)|L7735;Method|RefreshDeveloperProfilesMenuEntries()|L7752;Method|RefreshGameProfileMenuItems()|L7792;Method|UpdateGameProfileMenuChecks()|L7834;Method|UpdateActiveGameProfileDisplay()|L7843;Method|UpdateDeveloperProfileMenuChecks()|L7862;Method|DeveloperProfileMenuItem_OnClick(object,RoutedEventArgs)|L7882;Method|DeveloperProfileManager_OnCurrentProfileChanged(object?,DeveloperProfileChangedEventArgs)|L7914;Method|ExitMenuItem_OnClick(object,RoutedEventArgs)|L7930"
MainWindow.Progress.cs,9,91,7332,B70E50C429D36AD3A6BCC692FC757FD45F0F2EF7B3FAAD4740DE2E1109C8784D,"Method|BeginModlistInstallUi(int,string)|L8739;Method|UpdateModlistInstallUi(string,double?,double?)|L8749;Method|CompleteModlistInstallStep(string)|L8761;Method|EndModlistInstallUi()|L8771;Method|ClampPercent(double?)|L8781;Method|UpdateModlistDownloadSpeed(double?)|L8787;Method|FormatDownloadSpeed(double)|L8800;Method|CreateModlistInstallProgressReporter(string)|L8815;Method|CreateModUpdateProgressReporter(string,IProgress<ModUpdateProgress>?)|L8827"
MainWindow.ServerSync.cs,8,262,14484,282AF415AD6F09CD74860ACC90036D44D167D6229DB6143CCFBC9D86F8AC245B,"Method|CreateHostKeyVerifierWithStorage()|L97;Method|GenerateServerInstallMacroMenuItem_OnClick(object,RoutedEventArgs)|L1827;Method|ManageServerTargetsMenuItem_OnClick(object,RoutedEventArgs)|L7935;Method|SyncToServerMenuItem_OnClick(object,RoutedEventArgs)|L7948;Method|CreateSftpClientWrapper(ServerTarget,string?,Func<string, HostKeyVerificationResult, Task<bool>>)|L7999;Method|TestServerConnectionAsync(ServerTarget,string?,Func<string, HostKeyVerificationResult, Task<bool>>)|L8007;Method|ShowHostKeyVerificationAsync(string,HostKeyVerificationResult)|L8019;Method|UpdateSyncToServerMenuState()|L8034"
MainWindow.Settings.cs,9,123,8933,B2333DDF757C49F0162B944EABE1247DCF605B5DD4A2E7FCE379CDFE0B3EC931,"Method|DisableAutoRefreshMenuItem_OnClick(object,RoutedEventArgs)|L1325;Method|AutomaticDataBackupsMenuItem_OnClick(object,RoutedEventArgs)|L1357;Method|DisableInternetAccessMenuItem_OnClick(object,RoutedEventArgs)|L1392;Method|AlwaysClearModlistsMenuItem_OnClick(object,RoutedEventArgs)|L1562;Method|AlwaysAddModlistsMenuItem_OnClick(object,RoutedEventArgs)|L1570;Method|HandleModlistAutoLoadMenuClick(object,ModlistAutoLoadBehavior,ModlistAutoLoadBehavior)|L1578;Method|SetModlistAutoLoadBehavior(ModlistAutoLoadBehavior)|L1587;Method|UpdateModlistAutoLoadMenu(ModlistAutoLoadBehavior)|L1593;Method|UpdateGameVersionMenuItem(string?)|L1602"
MainWindow.Sorting.cs,17,275,14782,5E26D2705E39280778147408C032062F3D41DFD32AE392BB353418EDD538CCA1,"Method|UpdateSearchSortingBehavior(bool)|L3346;Method|ShouldRefreshAfterDependencyResolution(string?)|L3353;Method|RefreshModsAfterDependencyResolutionAsync()|L3359;Method|ScheduleRefreshAfterModlistLoadIfReady()|L3385;Method|RestoreSortPreference()|L3418;Method|ApplyModListSort(string,ListSortDirection,bool)|L3431;Method|ApplySortOption(SortOption,bool)|L3450;Method|IsActiveSortMember(string?)|L3476;Method|NormalizeSortMemberPath(string)|L3485;Method|SortMemberMatches(string?,string)|L3499;Method|FindMatchingSortOption(string,ListSortDirection)|L3509;Method|SortOptionMatches(SortOption,string,ListSortDirection)|L3526;Method|BuildSortDescriptions(string,ListSortDirection)|L3548;Method|BuildSortDisplayName(string,ListSortDirection)|L3575;Method|UpdateSortPreferenceFromSelectedOption(bool)|L3596;Method|UpdateColumnSortVisuals(string,ListSortDirection)|L3620;Method|ClearColumnSortIndicators()|L3631"
MainWindow.Startup.cs,8,284,15867,C8586FC09C58CEFEC170287A1030413D833AB56DB1FD5C5BD10CA9E903559B9C,"Method|MainWindow_Loaded(object,RoutedEventArgs)|L590;Method|MigrateLegacyRebuiltModlistsIfNeeded()|L623;Method|PromptCacheRefreshIfNeededAsync()|L671;Method|ClearManagerCachesForVersionUpdateAsync()|L693;Method|CheckAndPromptMigrationAsync()|L719;Method|PerformMigrationAsync()|L753;Method|EnsureInstalledModsCachedAsync(MainViewModel,bool)|L1088;Method|MainWindow_OnClosing(object?,CancelEventArgs)|L1107"
MainWindow.Updates.cs,7,349,18996,A5D1F1E8F02A169631FD1604EE180C673C5CE1CFA1889AF93B783CFFEC80EF1E,"Method|UpdateModsAsync(IReadOnlyList<ModListItemViewModel>,bool,IReadOnlyDictionary<ModListItemViewModel, ModReleaseInfo>?,bool,Func<ModListItemViewModel, ModReleaseInfo, IProgress<ModUpdateProgress>?>?,Action<ModListItemViewModel, ModReleaseInfo, ModUpdateResult>?)|L13891;Method|SelectReleaseForMod(ModListItemViewModel,bool,ref ModUpdateReleasePreference?,List<ModUpdateOperationResult>,ref bool)|L14092;Method|ShowBulkUpdateChangelogDialog(IReadOnlyList<ModUpdateOperationResult>)|L14114;Method|BuildChangelogSummary(IReadOnlyList<ModListItemViewModel.ReleaseChangelog>)|L14147;Method|ShowUpdateSummary(IReadOnlyList<ModUpdateOperationResult>,bool,bool)|L14165;Nested enum|ModUpdateReleasePreference|L14405;Nested record|ModUpdateOperationResult|L14411"
MainWindow.ViewModel.cs,12,257,13479,7317CB8C79292632A1740EB13B3BC19F02EC07F4D8BE6A2140DE2205CF4F4B08,"Method|ViewModelOnPropertyChanged(object?,PropertyChangedEventArgs)|L2963;Method|UpdateSearchColumnVisibility(bool)|L3046;Method|InitializeViewModelAsync(MainViewModel)|L3638;Method|DisposeCurrentViewModel()|L3669;Method|DisposeViewModel(MainViewModel?)|L3680;Method|StartModsWatcher()|L3689;Method|StartGameSessionMonitor()|L3703;Method|StopGameSessionMonitor()|L3734;Method|GameSessionMonitor_OnPromptRequired(object?,EventArgs)|L3743;Method|StopModsWatcher()|L4138;Method|ModsWatcherTimerOnTick(object?,EventArgs)|L4148;Method|RefreshModsAsync(bool)|L4175"
MainWindow.WindowState.cs,5,59,5641,794C3DF171E74CFD80ECE655705C9A8B07BF1C3EFD01C96206A7FEB5EDAB1DA5,"Method|ApplyStoredWindowDimensions()|L1616;Method|IsWindowPositionOnScreen(double,double)|L1639;Method|OnActivated(EventArgs)|L14264;Method|OnDeactivated(EventArgs)|L14273;Method|OnClosed(EventArgs)|L14279"
